File,Tag,Occurrences,Category,CategoryEMF
2024-02-13 16.44 00%20-%20DigitalCam%20Nominal-representations.aird.hepsy,name,25,Uncategorized,Uncategorized
2024-02-13 16.44 00%20-%20DigitalCam%20Nominal-representations.aird.hepsy,ports,6,Uncategorized,Classes
2024-02-13 16.44 00%20-%20DigitalCam%20Nominal-representations.aird.hepsy,queuesize,5,Uncategorized,Attributes
2024-02-13 16.44 00%20-%20DigitalCam%20Nominal-representations.aird.hepsy,rendezvous,5,Uncategorized,Attributes
2024-02-13 16.44 00%20-%20DigitalCam%20Nominal-representations.aird.hepsy,message,4,Uncategorized,Classes
2024-02-13 16.44 00%20-%20DigitalCam%20Nominal-representations.aird.hepsy,entry,4,Uncategorized,Classes
2024-02-13 16.44 00%20-%20DigitalCam%20Nominal-representations.aird.hepsy,type,4,Uncategorized,Attributes
2024-02-13 16.44 00%20-%20DigitalCam%20Nominal-representations.aird.hepsy,nodes,3,Uncategorized,Classes
2024-02-13 16.44 00%20-%20DigitalCam%20Nominal-representations.aird.hepsy,{http://www.w3.org/2001/xmlschema-instance}type,3,Uncategorized,Uncategorized
2024-02-13 16.44 00%20-%20DigitalCam%20Nominal-representations.aird.hepsy,nchannels,3,Uncategorized,Relations
2024-02-13 16.44 00%20-%20DigitalCam%20Nominal-representations.aird.hepsy,nfrom,3,Uncategorized,Uncategorized
2024-02-13 16.44 00%20-%20DigitalCam%20Nominal-representations.aird.hepsy,nto,3,Uncategorized,Uncategorized
2024-02-13 16.44 00%20-%20DigitalCam%20Nominal-representations.aird.hepsy,portextension,3,Uncategorized,Attributes
2024-02-13 16.44 00%20-%20DigitalCam%20Nominal-representations.aird.hepsy,href,3,Uncategorized,Uncategorized
2024-02-13 16.44 00%20-%20DigitalCam%20Nominal-representations.aird.hepsy,processes,3,Uncategorized,Classes
2024-02-13 16.44 00%20-%20DigitalCam%20Nominal-representations.aird.hepsy,pchannels,2,Uncategorized,Relations
2024-02-13 16.44 00%20-%20DigitalCam%20Nominal-representations.aird.hepsy,pfrom,2,Uncategorized,Attributes
2024-02-13 16.44 00%20-%20DigitalCam%20Nominal-representations.aird.hepsy,pto,2,Uncategorized,Attributes
2024-02-13 16.44 00%20-%20DigitalCam%20Nominal-representations.aird.hepsy,behaviorspecification,1,Uncategorized,Uncategorized
2024-02-13 16.44 00%20-%20DigitalCam%20Nominal-representations.aird.hepsy,{http://www.omg.org/xmi}version,1,Uncategorized,Uncategorized
2024-02-13 16.59 00%20-%20DigitalCam%20Parallel-representations.aird.hepsy,name,28,Uncategorized,Uncategorized
2024-02-13 16.59 00%20-%20DigitalCam%20Parallel-representations.aird.hepsy,queuesize,6,Uncategorized,Attributes
2024-02-13 16.59 00%20-%20DigitalCam%20Parallel-representations.aird.hepsy,rendezvous,6,Uncategorized,Attributes
2024-02-13 16.59 00%20-%20DigitalCam%20Parallel-representations.aird.hepsy,message,6,Uncategorized,Classes
2024-02-13 16.59 00%20-%20DigitalCam%20Parallel-representations.aird.hepsy,entry,6,Uncategorized,Classes
2024-02-13 16.59 00%20-%20DigitalCam%20Parallel-representations.aird.hepsy,type,6,Uncategorized,Attributes
2024-02-13 16.59 00%20-%20DigitalCam%20Parallel-representations.aird.hepsy,ports,4,Uncategorized,Classes
2024-02-13 16.59 00%20-%20DigitalCam%20Parallel-representations.aird.hepsy,nchannels,4,Uncategorized,Relations
2024-02-13 16.59 00%20-%20DigitalCam%20Parallel-representations.aird.hepsy,nfrom,4,Uncategorized,Uncategorized
2024-02-13 16.59 00%20-%20DigitalCam%20Parallel-representations.aird.hepsy,nto,4,Uncategorized,Uncategorized
2024-02-13 16.59 00%20-%20DigitalCam%20Parallel-representations.aird.hepsy,nodes,3,Uncategorized,Classes
2024-02-13 16.59 00%20-%20DigitalCam%20Parallel-representations.aird.hepsy,{http://www.w3.org/2001/xmlschema-instance}type,3,Uncategorized,Uncategorized
2024-02-13 16.59 00%20-%20DigitalCam%20Parallel-representations.aird.hepsy,processes,3,Uncategorized,Classes
2024-02-13 16.59 00%20-%20DigitalCam%20Parallel-representations.aird.hepsy,pchannels,2,Uncategorized,Relations
2024-02-13 16.59 00%20-%20DigitalCam%20Parallel-representations.aird.hepsy,portextension,2,Uncategorized,Attributes
2024-02-13 16.59 00%20-%20DigitalCam%20Parallel-representations.aird.hepsy,behaviorspecification,1,Uncategorized,Uncategorized
2024-02-13 16.59 00%20-%20DigitalCam%20Parallel-representations.aird.hepsy,{http://www.omg.org/xmi}version,1,Uncategorized,Uncategorized
2024-02-13 16.59 00%20-%20DigitalCam%20Parallel-representations.aird.hepsy,pto,1,Uncategorized,Attributes
2024-02-13 16.59 00%20-%20DigitalCam%20Parallel-representations.aird.hepsy,pfrom,1,Uncategorized,Attributes
2024-02-13 17.34 01%20-%20FIRFIRGCD-representations.aird.hepsy,name,29,Uncategorized,Uncategorized
2024-02-13 17.34 01%20-%20FIRFIRGCD-representations.aird.hepsy,queuesize,6,Uncategorized,Attributes
2024-02-13 17.34 01%20-%20FIRFIRGCD-representations.aird.hepsy,rendezvous,6,Uncategorized,Attributes
2024-02-13 17.34 01%20-%20FIRFIRGCD-representations.aird.hepsy,message,6,Uncategorized,Classes
2024-02-13 17.34 01%20-%20FIRFIRGCD-representations.aird.hepsy,entry,6,Uncategorized,Classes
2024-02-13 17.34 01%20-%20FIRFIRGCD-representations.aird.hepsy,type,6,Uncategorized,Attributes
2024-02-13 17.34 01%20-%20FIRFIRGCD-representations.aird.hepsy,ports,4,Uncategorized,Classes
2024-02-13 17.34 01%20-%20FIRFIRGCD-representations.aird.hepsy,nchannels,4,Uncategorized,Relations
2024-02-13 17.34 01%20-%20FIRFIRGCD-representations.aird.hepsy,nfrom,4,Uncategorized,Uncategorized
2024-02-13 17.34 01%20-%20FIRFIRGCD-representations.aird.hepsy,nto,4,Uncategorized,Uncategorized
2024-02-13 17.34 01%20-%20FIRFIRGCD-representations.aird.hepsy,processes,4,Uncategorized,Classes
2024-02-13 17.34 01%20-%20FIRFIRGCD-representations.aird.hepsy,processextension,4,Uncategorized,Uncategorized
2024-02-13 17.34 01%20-%20FIRFIRGCD-representations.aird.hepsy,nodes,3,Uncategorized,Classes
2024-02-13 17.34 01%20-%20FIRFIRGCD-representations.aird.hepsy,{http://www.w3.org/2001/xmlschema-instance}type,3,Uncategorized,Uncategorized
2024-02-13 17.34 01%20-%20FIRFIRGCD-representations.aird.hepsy,pchannels,2,Uncategorized,Relations
2024-02-13 17.34 01%20-%20FIRFIRGCD-representations.aird.hepsy,pfrom,2,Uncategorized,Attributes
2024-02-13 17.34 01%20-%20FIRFIRGCD-representations.aird.hepsy,pto,2,Uncategorized,Attributes
2024-02-13 17.34 01%20-%20FIRFIRGCD-representations.aird.hepsy,behaviorspecification,1,Uncategorized,Uncategorized
2024-02-13 17.34 01%20-%20FIRFIRGCD-representations.aird.hepsy,{http://www.omg.org/xmi}version,1,Uncategorized,Uncategorized
2024-02-14 14.40 02%20-%20RT%20App-representations.aird.hepsy,name,31,Uncategorized,Uncategorized
2024-02-14 14.40 02%20-%20RT%20App-representations.aird.hepsy,queuesize,6,Uncategorized,Attributes
2024-02-14 14.40 02%20-%20RT%20App-representations.aird.hepsy,rendezvous,6,Uncategorized,Attributes
2024-02-14 14.40 02%20-%20RT%20App-representations.aird.hepsy,message,6,Uncategorized,Classes
2024-02-14 14.40 02%20-%20RT%20App-representations.aird.hepsy,entry,6,Uncategorized,Classes
2024-02-14 14.40 02%20-%20RT%20App-representations.aird.hepsy,type,6,Uncategorized,Attributes
2024-02-14 14.40 02%20-%20RT%20App-representations.aird.hepsy,ports,4,Uncategorized,Classes
2024-02-14 14.40 02%20-%20RT%20App-representations.aird.hepsy,pchannels,4,Uncategorized,Relations
2024-02-14 14.40 02%20-%20RT%20App-representations.aird.hepsy,pfrom,4,Uncategorized,Attributes
2024-02-14 14.40 02%20-%20RT%20App-representations.aird.hepsy,pto,4,Uncategorized,Attributes
2024-02-14 14.40 02%20-%20RT%20App-representations.aird.hepsy,nchannels,4,Uncategorized,Relations
2024-02-14 14.40 02%20-%20RT%20App-representations.aird.hepsy,nfrom,4,Uncategorized,Uncategorized
2024-02-14 14.40 02%20-%20RT%20App-representations.aird.hepsy,nto,4,Uncategorized,Uncategorized
2024-02-14 14.40 02%20-%20RT%20App-representations.aird.hepsy,processes,4,Uncategorized,Classes
2024-02-14 14.40 02%20-%20RT%20App-representations.aird.hepsy,nodes,3,Uncategorized,Classes
2024-02-14 14.40 02%20-%20RT%20App-representations.aird.hepsy,{http://www.w3.org/2001/xmlschema-instance}type,3,Uncategorized,Uncategorized
2024-02-14 14.40 02%20-%20RT%20App-representations.aird.hepsy,behaviorspecification,1,Uncategorized,Uncategorized
2024-02-14 14.40 02%20-%20RT%20App-representations.aird.hepsy,{http://www.omg.org/xmi}version,1,Uncategorized,Uncategorized
2024-02-14 14.50 03%20-%20RT%20App%20Paper-representations.aird.hepsy,name,24,Uncategorized,Uncategorized
2024-02-14 14.50 03%20-%20RT%20App%20Paper-representations.aird.hepsy,queuesize,5,Uncategorized,Attributes
2024-02-14 14.50 03%20-%20RT%20App%20Paper-representations.aird.hepsy,rendezvous,5,Uncategorized,Attributes
2024-02-14 14.50 03%20-%20RT%20App%20Paper-representations.aird.hepsy,processes,4,Uncategorized,Classes
2024-02-14 14.50 03%20-%20RT%20App%20Paper-representations.aird.hepsy,nchannels,4,Uncategorized,Relations
2024-02-14 14.50 03%20-%20RT%20App%20Paper-representations.aird.hepsy,nfrom,4,Uncategorized,Uncategorized
2024-02-14 14.50 03%20-%20RT%20App%20Paper-representations.aird.hepsy,nto,4,Uncategorized,Uncategorized
2024-02-14 14.50 03%20-%20RT%20App%20Paper-representations.aird.hepsy,message,4,Uncategorized,Classes
2024-02-14 14.50 03%20-%20RT%20App%20Paper-representations.aird.hepsy,entry,4,Uncategorized,Classes
2024-02-14 14.50 03%20-%20RT%20App%20Paper-representations.aird.hepsy,type,4,Uncategorized,Attributes
2024-02-14 14.50 03%20-%20RT%20App%20Paper-representations.aird.hepsy,nodes,3,Uncategorized,Classes
2024-02-14 14.50 03%20-%20RT%20App%20Paper-representations.aird.hepsy,{http://www.w3.org/2001/xmlschema-instance}type,3,Uncategorized,Uncategorized
2024-02-14 14.50 03%20-%20RT%20App%20Paper-representations.aird.hepsy,ports,3,Uncategorized,Classes
2024-02-14 14.50 03%20-%20RT%20App%20Paper-representations.aird.hepsy,pchannels,2,Uncategorized,Relations
2024-02-14 14.50 03%20-%20RT%20App%20Paper-representations.aird.hepsy,pfrom,2,Uncategorized,Attributes
2024-02-14 14.50 03%20-%20RT%20App%20Paper-representations.aird.hepsy,pto,2,Uncategorized,Attributes
2024-02-14 14.50 03%20-%20RT%20App%20Paper-representations.aird.hepsy,behaviorspecification,1,Uncategorized,Uncategorized
2024-02-14 14.50 03%20-%20RT%20App%20Paper-representations.aird.hepsy,{http://www.omg.org/xmi}version,1,Uncategorized,Uncategorized
2024-02-14 15.04 04%20-%20RT%20App%20Paper%202-representations.aird.hepsy,name,32,Uncategorized,Uncategorized
2024-02-14 15.04 04%20-%20RT%20App%20Paper%202-representations.aird.hepsy,message,7,Uncategorized,Classes
2024-02-14 15.04 04%20-%20RT%20App%20Paper%202-representations.aird.hepsy,entry,7,Uncategorized,Classes
2024-02-14 15.04 04%20-%20RT%20App%20Paper%202-representations.aird.hepsy,type,7,Uncategorized,Attributes
2024-02-14 15.04 04%20-%20RT%20App%20Paper%202-representations.aird.hepsy,queuesize,6,Uncategorized,Attributes
2024-02-14 15.04 04%20-%20RT%20App%20Paper%202-representations.aird.hepsy,rendezvous,6,Uncategorized,Attributes
2024-02-14 15.04 04%20-%20RT%20App%20Paper%202-representations.aird.hepsy,processes,5,Uncategorized,Classes
2024-02-14 15.04 04%20-%20RT%20App%20Paper%202-representations.aird.hepsy,nchannels,5,Uncategorized,Relations
2024-02-14 15.04 04%20-%20RT%20App%20Paper%202-representations.aird.hepsy,nto,4,Uncategorized,Uncategorized
2024-02-14 15.04 04%20-%20RT%20App%20Paper%202-representations.aird.hepsy,nfrom,4,Uncategorized,Uncategorized
2024-02-14 15.04 04%20-%20RT%20App%20Paper%202-representations.aird.hepsy,nodes,3,Uncategorized,Classes
2024-02-14 15.04 04%20-%20RT%20App%20Paper%202-representations.aird.hepsy,{http://www.w3.org/2001/xmlschema-instance}type,3,Uncategorized,Uncategorized
2024-02-14 15.04 04%20-%20RT%20App%20Paper%202-representations.aird.hepsy,ports,3,Uncategorized,Classes
2024-02-14 15.04 04%20-%20RT%20App%20Paper%202-representations.aird.hepsy,pchannels,2,Uncategorized,Relations
2024-02-14 15.04 04%20-%20RT%20App%20Paper%202-representations.aird.hepsy,pfrom,2,Uncategorized,Attributes
2024-02-14 15.04 04%20-%20RT%20App%20Paper%202-representations.aird.hepsy,pto,2,Uncategorized,Attributes
2024-02-14 15.04 04%20-%20RT%20App%20Paper%202-representations.aird.hepsy,behaviorspecification,1,Uncategorized,Uncategorized
2024-02-14 15.04 04%20-%20RT%20App%20Paper%202-representations.aird.hepsy,{http://www.omg.org/xmi}version,1,Uncategorized,Uncategorized
2024-02-14 15.40 05%20-%20Hepsy%20Example-representations.aird.hepsy,name,19,Uncategorized,Uncategorized
2024-02-14 15.40 05%20-%20Hepsy%20Example-representations.aird.hepsy,ports,5,Uncategorized,Classes
2024-02-14 15.40 05%20-%20Hepsy%20Example-representations.aird.hepsy,nodes,3,Uncategorized,Classes
2024-02-14 15.40 05%20-%20Hepsy%20Example-representations.aird.hepsy,{http://www.w3.org/2001/xmlschema-instance}type,3,Uncategorized,Uncategorized
2024-02-14 15.40 05%20-%20Hepsy%20Example-representations.aird.hepsy,queuesize,3,Uncategorized,Attributes
2024-02-14 15.40 05%20-%20Hepsy%20Example-representations.aird.hepsy,rendezvous,3,Uncategorized,Attributes
2024-02-14 15.40 05%20-%20Hepsy%20Example-representations.aird.hepsy,processes,3,Uncategorized,Classes
2024-02-14 15.40 05%20-%20Hepsy%20Example-representations.aird.hepsy,pchannels,2,Uncategorized,Relations
2024-02-14 15.40 05%20-%20Hepsy%20Example-representations.aird.hepsy,pfrom,2,Uncategorized,Attributes
2024-02-14 15.40 05%20-%20Hepsy%20Example-representations.aird.hepsy,pto,2,Uncategorized,Attributes
2024-02-14 15.40 05%20-%20Hepsy%20Example-representations.aird.hepsy,portextension,2,Uncategorized,Attributes
2024-02-14 15.40 05%20-%20Hepsy%20Example-representations.aird.hepsy,nchannels,2,Uncategorized,Relations
2024-02-14 15.40 05%20-%20Hepsy%20Example-representations.aird.hepsy,nfrom,2,Uncategorized,Uncategorized
2024-02-14 15.40 05%20-%20Hepsy%20Example-representations.aird.hepsy,nto,2,Uncategorized,Uncategorized
2024-02-14 15.40 05%20-%20Hepsy%20Example-representations.aird.hepsy,message,2,Uncategorized,Classes
2024-02-14 15.40 05%20-%20Hepsy%20Example-representations.aird.hepsy,entry,2,Uncategorized,Classes
2024-02-14 15.40 05%20-%20Hepsy%20Example-representations.aird.hepsy,type,2,Uncategorized,Attributes
2024-02-14 15.40 05%20-%20Hepsy%20Example-representations.aird.hepsy,behaviorspecification,1,Uncategorized,Uncategorized
2024-02-14 15.40 05%20-%20Hepsy%20Example-representations.aird.hepsy,{http://www.omg.org/xmi}version,1,Uncategorized,Uncategorized
2024-02-14 15.51 06%20-%20Sobel-representations.aird.hepsy,name,29,Uncategorized,Uncategorized
2024-02-14 15.51 06%20-%20Sobel-representations.aird.hepsy,queuesize,6,Uncategorized,Attributes
2024-02-14 15.51 06%20-%20Sobel-representations.aird.hepsy,rendezvous,6,Uncategorized,Attributes
2024-02-14 15.51 06%20-%20Sobel-representations.aird.hepsy,message,6,Uncategorized,Classes
2024-02-14 15.51 06%20-%20Sobel-representations.aird.hepsy,entry,6,Uncategorized,Classes
2024-02-14 15.51 06%20-%20Sobel-representations.aird.hepsy,type,6,Uncategorized,Attributes
2024-02-14 15.51 06%20-%20Sobel-representations.aird.hepsy,ports,4,Uncategorized,Classes
2024-02-14 15.51 06%20-%20Sobel-representations.aird.hepsy,processes,4,Uncategorized,Classes
2024-02-14 15.51 06%20-%20Sobel-representations.aird.hepsy,nchannels,4,Uncategorized,Relations
2024-02-14 15.51 06%20-%20Sobel-representations.aird.hepsy,nfrom,4,Uncategorized,Uncategorized
2024-02-14 15.51 06%20-%20Sobel-representations.aird.hepsy,nto,4,Uncategorized,Uncategorized
2024-02-14 15.51 06%20-%20Sobel-representations.aird.hepsy,nodes,3,Uncategorized,Classes
2024-02-14 15.51 06%20-%20Sobel-representations.aird.hepsy,{http://www.w3.org/2001/xmlschema-instance}type,3,Uncategorized,Uncategorized
2024-02-14 15.51 06%20-%20Sobel-representations.aird.hepsy,pchannels,2,Uncategorized,Relations
2024-02-14 15.51 06%20-%20Sobel-representations.aird.hepsy,pfrom,2,Uncategorized,Attributes
2024-02-14 15.51 06%20-%20Sobel-representations.aird.hepsy,pto,2,Uncategorized,Attributes
2024-02-14 15.51 06%20-%20Sobel-representations.aird.hepsy,behaviorspecification,1,Uncategorized,Uncategorized
2024-02-14 15.51 06%20-%20Sobel-representations.aird.hepsy,{http://www.omg.org/xmi}version,1,Uncategorized,Uncategorized
2024-02-14 15.51 06%20-%20Sobel-representations.aird.hepsy,processextension,1,Uncategorized,Uncategorized
2024-02-14 15.51 06%20-%20Sobel-representations.aird.hepsy,href,1,Uncategorized,Uncategorized
2024-02-14 15.52 07%20-%20Roberts-representations.aird.hepsy,name,28,Uncategorized,Uncategorized
2024-02-14 15.52 07%20-%20Roberts-representations.aird.hepsy,queuesize,6,Uncategorized,Attributes
2024-02-14 15.52 07%20-%20Roberts-representations.aird.hepsy,rendezvous,6,Uncategorized,Attributes
2024-02-14 15.52 07%20-%20Roberts-representations.aird.hepsy,message,6,Uncategorized,Classes
2024-02-14 15.52 07%20-%20Roberts-representations.aird.hepsy,entry,6,Uncategorized,Classes
2024-02-14 15.52 07%20-%20Roberts-representations.aird.hepsy,type,6,Uncategorized,Attributes
2024-02-14 15.52 07%20-%20Roberts-representations.aird.hepsy,processes,4,Uncategorized,Classes
2024-02-14 15.52 07%20-%20Roberts-representations.aird.hepsy,nchannels,4,Uncategorized,Relations
2024-02-14 15.52 07%20-%20Roberts-representations.aird.hepsy,nto,4,Uncategorized,Uncategorized
2024-02-14 15.52 07%20-%20Roberts-representations.aird.hepsy,nodes,3,Uncategorized,Classes
2024-02-14 15.52 07%20-%20Roberts-representations.aird.hepsy,{http://www.w3.org/2001/xmlschema-instance}type,3,Uncategorized,Uncategorized
2024-02-14 15.52 07%20-%20Roberts-representations.aird.hepsy,ports,3,Uncategorized,Classes
2024-02-14 15.52 07%20-%20Roberts-representations.aird.hepsy,pchannels,2,Uncategorized,Relations
2024-02-14 15.52 07%20-%20Roberts-representations.aird.hepsy,pto,2,Uncategorized,Attributes
2024-02-14 15.52 07%20-%20Roberts-representations.aird.hepsy,nfrom,2,Uncategorized,Uncategorized
2024-02-14 15.52 07%20-%20Roberts-representations.aird.hepsy,behaviorspecification,1,Uncategorized,Uncategorized
2024-02-14 15.52 07%20-%20Roberts-representations.aird.hepsy,{http://www.omg.org/xmi}version,1,Uncategorized,Uncategorized
2024-02-14 15.52 07%20-%20Roberts-representations.aird.hepsy,pfrom,1,Uncategorized,Attributes
2024-02-14 15.52 07%20-%20Roberts-representations.aird.hepsy,criticality,1,Uncategorized,Uncategorized
2024-02-14 16.25 08%20-%20RASTA-PLP-representations.aird.hepsy,name,27,Uncategorized,Uncategorized
2024-02-14 16.25 08%20-%20RASTA-PLP-representations.aird.hepsy,ports,6,Uncategorized,Classes
2024-02-14 16.25 08%20-%20RASTA-PLP-representations.aird.hepsy,queuesize,5,Uncategorized,Attributes
2024-02-14 16.25 08%20-%20RASTA-PLP-representations.aird.hepsy,rendezvous,5,Uncategorized,Attributes
2024-02-14 16.25 08%20-%20RASTA-PLP-representations.aird.hepsy,message,5,Uncategorized,Classes
2024-02-14 16.25 08%20-%20RASTA-PLP-representations.aird.hepsy,entry,5,Uncategorized,Classes
2024-02-14 16.25 08%20-%20RASTA-PLP-representations.aird.hepsy,type,5,Uncategorized,Attributes
2024-02-14 16.25 08%20-%20RASTA-PLP-representations.aird.hepsy,nodes,3,Uncategorized,Classes
2024-02-14 16.25 08%20-%20RASTA-PLP-representations.aird.hepsy,{http://www.w3.org/2001/xmlschema-instance}type,3,Uncategorized,Uncategorized
2024-02-14 16.25 08%20-%20RASTA-PLP-representations.aird.hepsy,processes,3,Uncategorized,Classes
2024-02-14 16.25 08%20-%20RASTA-PLP-representations.aird.hepsy,nchannels,3,Uncategorized,Relations
2024-02-14 16.25 08%20-%20RASTA-PLP-representations.aird.hepsy,pchannels,2,Uncategorized,Relations
2024-02-14 16.25 08%20-%20RASTA-PLP-representations.aird.hepsy,pfrom,2,Uncategorized,Attributes
2024-02-14 16.25 08%20-%20RASTA-PLP-representations.aird.hepsy,pto,2,Uncategorized,Attributes
2024-02-14 16.25 08%20-%20RASTA-PLP-representations.aird.hepsy,behaviorspecification,1,Uncategorized,Uncategorized
2024-02-14 16.25 08%20-%20RASTA-PLP-representations.aird.hepsy,{http://www.omg.org/xmi}version,1,Uncategorized,Uncategorized
2024-02-14 16.25 08%20-%20RASTA-PLP-representations.aird.hepsy,nfrom,1,Uncategorized,Uncategorized
2024-02-14 16.25 08%20-%20RASTA-PLP-representations.aird.hepsy,nto,1,Uncategorized,Uncategorized
2024-02-14 17.00 09%20-%20Susan-representations.aird.hepsy,name,15,Uncategorized,Uncategorized
2024-02-14 17.00 09%20-%20Susan-representations.aird.hepsy,queuesize,5,Uncategorized,Attributes
2024-02-14 17.00 09%20-%20Susan-representations.aird.hepsy,rendezvous,5,Uncategorized,Attributes
2024-02-14 17.00 09%20-%20Susan-representations.aird.hepsy,processes,4,Uncategorized,Classes
2024-02-14 17.00 09%20-%20Susan-representations.aird.hepsy,criticality,4,Uncategorized,Uncategorized
2024-02-14 17.00 09%20-%20Susan-representations.aird.hepsy,nodes,3,Uncategorized,Classes
2024-02-14 17.00 09%20-%20Susan-representations.aird.hepsy,{http://www.w3.org/2001/xmlschema-instance}type,3,Uncategorized,Uncategorized
2024-02-14 17.00 09%20-%20Susan-representations.aird.hepsy,ports,3,Uncategorized,Classes
2024-02-14 17.00 09%20-%20Susan-representations.aird.hepsy,nchannels,3,Uncategorized,Relations
2024-02-14 17.00 09%20-%20Susan-representations.aird.hepsy,nfrom,3,Uncategorized,Uncategorized
2024-02-14 17.00 09%20-%20Susan-representations.aird.hepsy,nto,3,Uncategorized,Uncategorized
2024-02-14 17.00 09%20-%20Susan-representations.aird.hepsy,pchannels,2,Uncategorized,Relations
2024-02-14 17.00 09%20-%20Susan-representations.aird.hepsy,pfrom,2,Uncategorized,Attributes
2024-02-14 17.00 09%20-%20Susan-representations.aird.hepsy,pto,2,Uncategorized,Attributes
2024-02-14 17.00 09%20-%20Susan-representations.aird.hepsy,behaviorspecification,1,Uncategorized,Uncategorized
2024-02-14 17.00 09%20-%20Susan-representations.aird.hepsy,{http://www.omg.org/xmi}version,1,Uncategorized,Uncategorized
2024-02-14 17.46 10%20-%20JPEG_encoder-representations.aird.hepsy,name,29,Uncategorized,Uncategorized
2024-02-14 17.46 10%20-%20JPEG_encoder-representations.aird.hepsy,message,6,Uncategorized,Classes
2024-02-14 17.46 10%20-%20JPEG_encoder-representations.aird.hepsy,entry,6,Uncategorized,Classes
2024-02-14 17.46 10%20-%20JPEG_encoder-representations.aird.hepsy,type,6,Uncategorized,Attributes
2024-02-14 17.46 10%20-%20JPEG_encoder-representations.aird.hepsy,queuesize,5,Uncategorized,Attributes
2024-02-14 17.46 10%20-%20JPEG_encoder-representations.aird.hepsy,rendezvous,5,Uncategorized,Attributes
2024-02-14 17.46 10%20-%20JPEG_encoder-representations.aird.hepsy,processes,5,Uncategorized,Classes
2024-02-14 17.46 10%20-%20JPEG_encoder-representations.aird.hepsy,nchannels,4,Uncategorized,Relations
2024-02-14 17.46 10%20-%20JPEG_encoder-representations.aird.hepsy,nodes,3,Uncategorized,Classes
2024-02-14 17.46 10%20-%20JPEG_encoder-representations.aird.hepsy,{http://www.w3.org/2001/xmlschema-instance}type,3,Uncategorized,Uncategorized
2024-02-14 17.46 10%20-%20JPEG_encoder-representations.aird.hepsy,ports,3,Uncategorized,Classes
2024-02-14 17.46 10%20-%20JPEG_encoder-representations.aird.hepsy,pchannels,2,Uncategorized,Relations
2024-02-14 17.46 10%20-%20JPEG_encoder-representations.aird.hepsy,pfrom,2,Uncategorized,Attributes
2024-02-14 17.46 10%20-%20JPEG_encoder-representations.aird.hepsy,pto,2,Uncategorized,Attributes
2024-02-14 17.46 10%20-%20JPEG_encoder-representations.aird.hepsy,behaviorspecification,1,Uncategorized,Uncategorized
2024-02-14 17.46 10%20-%20JPEG_encoder-representations.aird.hepsy,{http://www.omg.org/xmi}version,1,Uncategorized,Uncategorized
2024-02-14 17.58 11%20-%20JPEG%20Reduced-representations.aird.hepsy,name,33,Uncategorized,Uncategorized
2024-02-14 17.58 11%20-%20JPEG%20Reduced-representations.aird.hepsy,ports,9,Uncategorized,Classes
2024-02-14 17.58 11%20-%20JPEG%20Reduced-representations.aird.hepsy,pchannels,6,Uncategorized,Relations
2024-02-14 17.58 11%20-%20JPEG%20Reduced-representations.aird.hepsy,pfrom,6,Uncategorized,Attributes
2024-02-14 17.58 11%20-%20JPEG%20Reduced-representations.aird.hepsy,pto,6,Uncategorized,Attributes
2024-02-14 17.58 11%20-%20JPEG%20Reduced-representations.aird.hepsy,queuesize,5,Uncategorized,Attributes
2024-02-14 17.58 11%20-%20JPEG%20Reduced-representations.aird.hepsy,rendezvous,5,Uncategorized,Attributes
2024-02-14 17.58 11%20-%20JPEG%20Reduced-representations.aird.hepsy,message,5,Uncategorized,Classes
2024-02-14 17.58 11%20-%20JPEG%20Reduced-representations.aird.hepsy,entry,5,Uncategorized,Classes
2024-02-14 17.58 11%20-%20JPEG%20Reduced-representations.aird.hepsy,type,5,Uncategorized,Attributes
2024-02-14 17.58 11%20-%20JPEG%20Reduced-representations.aird.hepsy,processes,5,Uncategorized,Classes
2024-02-14 17.58 11%20-%20JPEG%20Reduced-representations.aird.hepsy,nodes,3,Uncategorized,Classes
2024-02-14 17.58 11%20-%20JPEG%20Reduced-representations.aird.hepsy,{http://www.w3.org/2001/xmlschema-instance}type,3,Uncategorized,Uncategorized
2024-02-14 17.58 11%20-%20JPEG%20Reduced-representations.aird.hepsy,behaviorspecification,1,Uncategorized,Uncategorized
2024-02-14 17.58 11%20-%20JPEG%20Reduced-representations.aird.hepsy,{http://www.omg.org/xmi}version,1,Uncategorized,Uncategorized
2024-02-14 17.58 11%20-%20JPEG%20Reduced-representations.aird.hepsy,portextension,1,Uncategorized,Attributes
2024-02-14 18.17 12%20-%20FIRFIRGCD_ext-representations.aird.hepsy,name,24,Uncategorized,Uncategorized
2024-02-14 18.17 12%20-%20FIRFIRGCD_ext-representations.aird.hepsy,ports,10,Uncategorized,Classes
2024-02-14 18.17 12%20-%20FIRFIRGCD_ext-representations.aird.hepsy,pchannels,5,Uncategorized,Relations
2024-02-14 18.17 12%20-%20FIRFIRGCD_ext-representations.aird.hepsy,pfrom,5,Uncategorized,Attributes
2024-02-14 18.17 12%20-%20FIRFIRGCD_ext-representations.aird.hepsy,pto,5,Uncategorized,Attributes
2024-02-14 18.17 12%20-%20FIRFIRGCD_ext-representations.aird.hepsy,queuesize,5,Uncategorized,Attributes
2024-02-14 18.17 12%20-%20FIRFIRGCD_ext-representations.aird.hepsy,rendezvous,5,Uncategorized,Attributes
2024-02-14 18.17 12%20-%20FIRFIRGCD_ext-representations.aird.hepsy,processes,4,Uncategorized,Classes
2024-02-14 18.17 12%20-%20FIRFIRGCD_ext-representations.aird.hepsy,nodes,3,Uncategorized,Classes
2024-02-14 18.17 12%20-%20FIRFIRGCD_ext-representations.aird.hepsy,{http://www.w3.org/2001/xmlschema-instance}type,3,Uncategorized,Uncategorized
2024-02-14 18.17 12%20-%20FIRFIRGCD_ext-representations.aird.hepsy,behaviorspecification,1,Uncategorized,Uncategorized
2024-02-14 18.17 12%20-%20FIRFIRGCD_ext-representations.aird.hepsy,{http://www.omg.org/xmi}version,1,Uncategorized,Uncategorized
2024-02-14 18.17 12%20-%20FIRFIRGCD_ext-representations.aird.hepsy,message,1,Uncategorized,Classes
2024-02-14 18.17 12%20-%20FIRFIRGCD_ext-representations.aird.hepsy,entry,1,Uncategorized,Classes
2024-02-14 18.17 12%20-%20FIRFIRGCD_ext-representations.aird.hepsy,type,1,Uncategorized,Attributes
