File,Tag,Occurrences,Category
ex02_writer0001.bpmn,targetRef,10,Connecting Objects
ex02_writer0001.bpmn,flowNodeRef,8,Uncategorized
ex02_writer0001.bpmn,incoming,8,Connecting Objects
ex02_writer0001.bpmn,outgoing,8,Connecting Objects
ex02_writer0001.bpmn,sequenceFlow,8,Connecting Objects
ex02_writer0001.bpmn,dataInputAssociation,6,Uncategorized
ex02_writer0001.bpmn,sourceRef,6,Connecting Objects
ex02_writer0001.bpmn,property,5,Uncategorized
ex02_writer0001.bpmn,dataObjectReference,5,Uncategorized
ex02_writer0001.bpmn,task,5,Flow Objects
ex02_writer0001.bpmn,dataObject,5,Artifacts
ex02_writer0001.bpmn,dataOutputAssociation,4,Uncategorized
ex02_writer0001.bpmn,process,2,Uncategorized
ex02_writer0001.bpmn,lane,2,Swim Lanes
ex02_writer0001.bpmn,messageEventDefinition,1,Uncategorized
ex02_writer0001.bpmn,laneSet,1,Swim Lanes
ex02_writer0001.bpmn,endEvent,1,Flow Objects
ex02_writer0001.bpmn,exclusiveGateway,1,Flow Objects
ex02_writer0001.bpmn,startEvent,1,Flow Objects
ex02_writer0002.bpmn,flowNodeRef,8,Uncategorized
ex02_writer0002.bpmn,sequenceFlow,8,Connecting Objects
ex02_writer0002.bpmn,incoming,8,Connecting Objects
ex02_writer0002.bpmn,outgoing,8,Connecting Objects
ex02_writer0002.bpmn,targetRef,8,Connecting Objects
ex02_writer0002.bpmn,task,5,Flow Objects
ex02_writer0002.bpmn,dataOutputAssociation,4,Uncategorized
ex02_writer0002.bpmn,property,4,Uncategorized
ex02_writer0002.bpmn,dataInputAssociation,4,Uncategorized
ex02_writer0002.bpmn,sourceRef,4,Connecting Objects
ex02_writer0002.bpmn,dataObjectReference,3,Uncategorized
ex02_writer0002.bpmn,dataObject,3,Artifacts
ex02_writer0002.bpmn,lane,2,Swim Lanes
ex02_writer0002.bpmn,process,1,Uncategorized
ex02_writer0002.bpmn,messageEventDefinition,1,Uncategorized
ex02_writer0002.bpmn,dataStoreReference,1,Uncategorized
ex02_writer0002.bpmn,laneSet,1,Swim Lanes
ex02_writer0002.bpmn,exclusiveGateway,1,Flow Objects
ex02_writer0002.bpmn,endEvent,1,Flow Objects
ex02_writer0002.bpmn,startEvent,1,Flow Objects
ex02_writer0005.bpmn,flowNodeRef,12,Uncategorized
ex02_writer0005.bpmn,incoming,12,Connecting Objects
ex02_writer0005.bpmn,outgoing,12,Connecting Objects
ex02_writer0005.bpmn,sequenceFlow,12,Connecting Objects
ex02_writer0005.bpmn,targetRef,10,Connecting Objects
ex02_writer0005.bpmn,task,8,Flow Objects
ex02_writer0005.bpmn,property,6,Uncategorized
ex02_writer0005.bpmn,dataInputAssociation,6,Uncategorized
ex02_writer0005.bpmn,sourceRef,6,Connecting Objects
ex02_writer0005.bpmn,dataObjectReference,4,Uncategorized
ex02_writer0005.bpmn,dataOutputAssociation,4,Uncategorized
ex02_writer0005.bpmn,dataObject,4,Artifacts
ex02_writer0005.bpmn,process,2,Uncategorized
ex02_writer0005.bpmn,lane,2,Swim Lanes
ex02_writer0005.bpmn,exclusiveGateway,2,Flow Objects
ex02_writer0005.bpmn,messageEventDefinition,1,Uncategorized
ex02_writer0005.bpmn,laneSet,1,Swim Lanes
ex02_writer0005.bpmn,endEvent,1,Flow Objects
ex02_writer0005.bpmn,startEvent,1,Flow Objects
ex02_writer0006.bpmn,flowNodeRef,11,Uncategorized
ex02_writer0006.bpmn,sequenceFlow,11,Connecting Objects
ex02_writer0006.bpmn,incoming,11,Connecting Objects
ex02_writer0006.bpmn,outgoing,11,Connecting Objects
ex02_writer0006.bpmn,task,5,Flow Objects
ex02_writer0006.bpmn,process,2,Uncategorized
ex02_writer0006.bpmn,lane,2,Swim Lanes
ex02_writer0006.bpmn,endEvent,2,Flow Objects
ex02_writer0006.bpmn,parallelGateway,2,Flow Objects
ex02_writer0006.bpmn,messageEventDefinition,1,Uncategorized
ex02_writer0006.bpmn,laneSet,1,Swim Lanes
ex02_writer0006.bpmn,exclusiveGateway,1,Flow Objects
ex02_writer0006.bpmn,startEvent,1,Flow Objects
ex02_writer0008.bpmn,flowNodeRef,7,Uncategorized
ex02_writer0008.bpmn,incoming,7,Connecting Objects
ex02_writer0008.bpmn,outgoing,7,Connecting Objects
ex02_writer0008.bpmn,sequenceFlow,7,Connecting Objects
ex02_writer0008.bpmn,targetRef,4,Connecting Objects
ex02_writer0008.bpmn,task,3,Flow Objects
ex02_writer0008.bpmn,dataObjectReference,2,Uncategorized
ex02_writer0008.bpmn,dataOutputAssociation,2,Uncategorized
ex02_writer0008.bpmn,property,2,Uncategorized
ex02_writer0008.bpmn,dataInputAssociation,2,Uncategorized
ex02_writer0008.bpmn,lane,2,Swim Lanes
ex02_writer0008.bpmn,exclusiveGateway,2,Flow Objects
ex02_writer0008.bpmn,sourceRef,2,Connecting Objects
ex02_writer0008.bpmn,dataObject,2,Artifacts
ex02_writer0008.bpmn,process,1,Uncategorized
ex02_writer0008.bpmn,messageEventDefinition,1,Uncategorized
ex02_writer0008.bpmn,dataStoreReference,1,Uncategorized
ex02_writer0008.bpmn,laneSet,1,Swim Lanes
ex02_writer0008.bpmn,startEvent,1,Flow Objects
ex02_writer0008.bpmn,endEvent,1,Flow Objects
ex02_writer0013.bpmn,flowNodeRef,8,Uncategorized
ex02_writer0013.bpmn,outgoing,8,Connecting Objects
ex02_writer0013.bpmn,targetRef,8,Connecting Objects
ex02_writer0013.bpmn,incoming,8,Connecting Objects
ex02_writer0013.bpmn,sequenceFlow,8,Connecting Objects
ex02_writer0013.bpmn,dataInputAssociation,6,Uncategorized
ex02_writer0013.bpmn,sourceRef,6,Connecting Objects
ex02_writer0013.bpmn,property,4,Uncategorized
ex02_writer0013.bpmn,task,4,Flow Objects
ex02_writer0013.bpmn,process,2,Uncategorized
ex02_writer0013.bpmn,dataOutputAssociation,2,Uncategorized
ex02_writer0013.bpmn,dataObjectReference,2,Uncategorized
ex02_writer0013.bpmn,lane,2,Swim Lanes
ex02_writer0013.bpmn,exclusiveGateway,2,Flow Objects
ex02_writer0013.bpmn,dataObject,2,Artifacts
ex02_writer0013.bpmn,messageEventDefinition,1,Uncategorized
ex02_writer0013.bpmn,laneSet,1,Swim Lanes
ex02_writer0013.bpmn,startEvent,1,Flow Objects
ex02_writer0013.bpmn,endEvent,1,Flow Objects
ex02_writer0014.bpmn,targetRef,13,Connecting Objects
ex02_writer0014.bpmn,flowNodeRef,9,Uncategorized
ex02_writer0014.bpmn,incoming,9,Connecting Objects
ex02_writer0014.bpmn,outgoing,9,Connecting Objects
ex02_writer0014.bpmn,sequenceFlow,9,Connecting Objects
ex02_writer0014.bpmn,dataInputAssociation,8,Uncategorized
ex02_writer0014.bpmn,sourceRef,8,Connecting Objects
ex02_writer0014.bpmn,dataObjectReference,6,Uncategorized
ex02_writer0014.bpmn,dataObject,6,Artifacts
ex02_writer0014.bpmn,property,5,Uncategorized
ex02_writer0014.bpmn,dataOutputAssociation,5,Uncategorized
ex02_writer0014.bpmn,task,5,Flow Objects
ex02_writer0014.bpmn,lane,2,Swim Lanes
ex02_writer0014.bpmn,exclusiveGateway,2,Flow Objects
ex02_writer0014.bpmn,process,1,Uncategorized
ex02_writer0014.bpmn,laneSet,1,Swim Lanes
ex02_writer0014.bpmn,startEvent,1,Flow Objects
ex02_writer0014.bpmn,endEvent,1,Flow Objects
ex02_writer0015.bpmn,flowNodeRef,7,Uncategorized
ex02_writer0015.bpmn,incoming,7,Connecting Objects
ex02_writer0015.bpmn,outgoing,7,Connecting Objects
ex02_writer0015.bpmn,sequenceFlow,7,Connecting Objects
ex02_writer0015.bpmn,task,4,Flow Objects
ex02_writer0015.bpmn,lane,2,Swim Lanes
ex02_writer0015.bpmn,exclusiveGateway,2,Flow Objects
ex02_writer0015.bpmn,targetRef,2,Connecting Objects
ex02_writer0015.bpmn,process,1,Uncategorized
ex02_writer0015.bpmn,property,1,Uncategorized
ex02_writer0015.bpmn,dataInputAssociation,1,Uncategorized
ex02_writer0015.bpmn,dataObjectReference,1,Uncategorized
ex02_writer0015.bpmn,dataOutputAssociation,1,Uncategorized
ex02_writer0015.bpmn,messageEventDefinition,1,Uncategorized
ex02_writer0015.bpmn,laneSet,1,Swim Lanes
ex02_writer0015.bpmn,startEvent,1,Flow Objects
ex02_writer0015.bpmn,sourceRef,1,Connecting Objects
ex02_writer0015.bpmn,dataObject,1,Artifacts
ex02_writer0016.bpmn,flowNodeRef,6,Uncategorized
ex02_writer0016.bpmn,incoming,6,Connecting Objects
ex02_writer0016.bpmn,outgoing,6,Connecting Objects
ex02_writer0016.bpmn,sequenceFlow,6,Connecting Objects
ex02_writer0016.bpmn,targetRef,4,Connecting Objects
ex02_writer0016.bpmn,task,3,Flow Objects
ex02_writer0016.bpmn,dataOutputAssociation,2,Uncategorized
ex02_writer0016.bpmn,dataInputAssociation,2,Uncategorized
ex02_writer0016.bpmn,lane,2,Swim Lanes
ex02_writer0016.bpmn,sourceRef,2,Connecting Objects
ex02_writer0016.bpmn,process,1,Uncategorized
ex02_writer0016.bpmn,dataStoreReference,1,Uncategorized
ex02_writer0016.bpmn,property,1,Uncategorized
ex02_writer0016.bpmn,dataObjectReference,1,Uncategorized
ex02_writer0016.bpmn,laneSet,1,Swim Lanes
ex02_writer0016.bpmn,startEvent,1,Flow Objects
ex02_writer0016.bpmn,endEvent,1,Flow Objects
ex02_writer0016.bpmn,exclusiveGateway,1,Flow Objects
ex02_writer0016.bpmn,dataObject,1,Artifacts
ex02_writer0017.bpmn,incoming,12,Connecting Objects
ex02_writer0017.bpmn,outgoing,12,Connecting Objects
ex02_writer0017.bpmn,sequenceFlow,12,Connecting Objects
ex02_writer0017.bpmn,flowNodeRef,11,Uncategorized
ex02_writer0017.bpmn,task,8,Flow Objects
ex02_writer0017.bpmn,targetRef,6,Connecting Objects
ex02_writer0017.bpmn,dataInputAssociation,4,Uncategorized
ex02_writer0017.bpmn,dataObjectReference,4,Uncategorized
ex02_writer0017.bpmn,sourceRef,4,Connecting Objects
ex02_writer0017.bpmn,dataObject,4,Artifacts
ex02_writer0017.bpmn,property,3,Uncategorized
ex02_writer0017.bpmn,process,2,Uncategorized
ex02_writer0017.bpmn,dataOutputAssociation,2,Uncategorized
ex02_writer0017.bpmn,lane,2,Swim Lanes
ex02_writer0017.bpmn,exclusiveGateway,2,Flow Objects
ex02_writer0017.bpmn,laneSet,1,Swim Lanes
ex02_writer0017.bpmn,startEvent,1,Flow Objects
ex02_writer0017.bpmn,endEvent,1,Flow Objects
ex02_writer0019.bpmn,targetRef,11,Connecting Objects
ex02_writer0019.bpmn,flowNodeRef,8,Uncategorized
ex02_writer0019.bpmn,sequenceFlow,8,Connecting Objects
ex02_writer0019.bpmn,incoming,8,Connecting Objects
ex02_writer0019.bpmn,outgoing,8,Connecting Objects
ex02_writer0019.bpmn,dataInputAssociation,6,Uncategorized
ex02_writer0019.bpmn,dataObjectReference,6,Uncategorized
ex02_writer0019.bpmn,sourceRef,6,Connecting Objects
ex02_writer0019.bpmn,dataObject,6,Artifacts
ex02_writer0019.bpmn,property,5,Uncategorized
ex02_writer0019.bpmn,dataOutputAssociation,5,Uncategorized
ex02_writer0019.bpmn,task,5,Flow Objects
ex02_writer0019.bpmn,lane,2,Swim Lanes
ex02_writer0019.bpmn,process,1,Uncategorized
ex02_writer0019.bpmn,laneSet,1,Swim Lanes
ex02_writer0019.bpmn,endEvent,1,Flow Objects
ex02_writer0019.bpmn,startEvent,1,Flow Objects
ex02_writer0019.bpmn,exclusiveGateway,1,Flow Objects
ex02_writer0020.bpmn,incoming,13,Connecting Objects
ex02_writer0020.bpmn,outgoing,13,Connecting Objects
ex02_writer0020.bpmn,sequenceFlow,13,Connecting Objects
ex02_writer0020.bpmn,flowNodeRef,12,Uncategorized
ex02_writer0020.bpmn,task,6,Flow Objects
ex02_writer0020.bpmn,targetRef,5,Connecting Objects
ex02_writer0020.bpmn,property,4,Uncategorized
ex02_writer0020.bpmn,dataInputAssociation,4,Uncategorized
ex02_writer0020.bpmn,dataObjectReference,4,Uncategorized
ex02_writer0020.bpmn,sourceRef,4,Connecting Objects
ex02_writer0020.bpmn,dataObject,4,Artifacts
ex02_writer0020.bpmn,lane,2,Swim Lanes
ex02_writer0020.bpmn,parallelGateway,2,Flow Objects
ex02_writer0020.bpmn,process,1,Uncategorized
ex02_writer0020.bpmn,dataOutputAssociation,1,Uncategorized
ex02_writer0020.bpmn,messageEventDefinition,1,Uncategorized
ex02_writer0020.bpmn,laneSet,1,Swim Lanes
ex02_writer0020.bpmn,exclusiveGateway,1,Flow Objects
ex02_writer0020.bpmn,startEvent,1,Flow Objects
ex02_writer0020.bpmn,subProcess,1,Flow Objects
ex02_writer0020.bpmn,endEvent,1,Flow Objects
ex02_writer0021.bpmn,outgoing,10,Connecting Objects
ex02_writer0021.bpmn,incoming,10,Connecting Objects
ex02_writer0021.bpmn,sequenceFlow,10,Connecting Objects
ex02_writer0021.bpmn,flowNodeRef,9,Uncategorized
ex02_writer0021.bpmn,task,4,Flow Objects
ex02_writer0021.bpmn,targetRef,3,Connecting Objects
ex02_writer0021.bpmn,dataOutputAssociation,2,Uncategorized
ex02_writer0021.bpmn,dataObjectReference,2,Uncategorized
ex02_writer0021.bpmn,lane,2,Swim Lanes
ex02_writer0021.bpmn,parallelGateway,2,Flow Objects
ex02_writer0021.bpmn,dataObject,2,Artifacts
ex02_writer0021.bpmn,process,1,Uncategorized
ex02_writer0021.bpmn,messageEventDefinition,1,Uncategorized
ex02_writer0021.bpmn,property,1,Uncategorized
ex02_writer0021.bpmn,dataInputAssociation,1,Uncategorized
ex02_writer0021.bpmn,laneSet,1,Swim Lanes
ex02_writer0021.bpmn,startEvent,1,Flow Objects
ex02_writer0021.bpmn,exclusiveGateway,1,Flow Objects
ex02_writer0021.bpmn,endEvent,1,Flow Objects
ex02_writer0021.bpmn,sourceRef,1,Connecting Objects
ex02_writer0024.bpmn,flowNodeRef,8,Uncategorized
ex02_writer0024.bpmn,incoming,8,Connecting Objects
ex02_writer0024.bpmn,outgoing,8,Connecting Objects
ex02_writer0024.bpmn,sequenceFlow,8,Connecting Objects
ex02_writer0024.bpmn,targetRef,6,Connecting Objects
ex02_writer0024.bpmn,task,4,Flow Objects
ex02_writer0024.bpmn,property,3,Uncategorized
ex02_writer0024.bpmn,dataInputAssociation,3,Uncategorized
ex02_writer0024.bpmn,dataOutputAssociation,3,Uncategorized
ex02_writer0024.bpmn,dataObjectReference,3,Uncategorized
ex02_writer0024.bpmn,sourceRef,3,Connecting Objects
ex02_writer0024.bpmn,dataObject,3,Artifacts
ex02_writer0024.bpmn,lane,2,Swim Lanes
ex02_writer0024.bpmn,exclusiveGateway,2,Flow Objects
ex02_writer0024.bpmn,process,1,Uncategorized
ex02_writer0024.bpmn,messageEventDefinition,1,Uncategorized
ex02_writer0024.bpmn,dataStoreReference,1,Uncategorized
ex02_writer0024.bpmn,laneSet,1,Swim Lanes
ex02_writer0024.bpmn,endEvent,1,Flow Objects
ex02_writer0024.bpmn,startEvent,1,Flow Objects
ex02_writer0025.bpmn,flowNodeRef,12,Uncategorized
ex02_writer0025.bpmn,outgoing,12,Connecting Objects
ex02_writer0025.bpmn,incoming,12,Connecting Objects
ex02_writer0025.bpmn,sequenceFlow,12,Connecting Objects
ex02_writer0025.bpmn,targetRef,10,Connecting Objects
ex02_writer0025.bpmn,task,7,Flow Objects
ex02_writer0025.bpmn,property,6,Uncategorized
ex02_writer0025.bpmn,dataInputAssociation,6,Uncategorized
ex02_writer0025.bpmn,sourceRef,6,Connecting Objects
ex02_writer0025.bpmn,dataObjectReference,5,Uncategorized
ex02_writer0025.bpmn,dataObject,5,Artifacts
ex02_writer0025.bpmn,dataOutputAssociation,4,Uncategorized
ex02_writer0025.bpmn,process,2,Uncategorized
ex02_writer0025.bpmn,lane,2,Swim Lanes
ex02_writer0025.bpmn,exclusiveGateway,2,Flow Objects
ex02_writer0025.bpmn,messageEventDefinition,1,Uncategorized
ex02_writer0025.bpmn,laneSet,1,Swim Lanes
ex02_writer0025.bpmn,startEvent,1,Flow Objects
ex02_writer0025.bpmn,endEvent,1,Flow Objects
ex02_writer0025.bpmn,callActivity,1,Flow Objects
ex02_writer0026.bpmn,flowNodeRef,12,Uncategorized
ex02_writer0026.bpmn,incoming,7,Connecting Objects
ex02_writer0026.bpmn,outgoing,7,Connecting Objects
ex02_writer0026.bpmn,sequenceFlow,7,Connecting Objects
ex02_writer0026.bpmn,lane,4,Swim Lanes
ex02_writer0026.bpmn,task,4,Flow Objects
ex02_writer0026.bpmn,targetRef,4,Connecting Objects
ex02_writer0026.bpmn,property,3,Uncategorized
ex02_writer0026.bpmn,dataInputAssociation,3,Uncategorized
ex02_writer0026.bpmn,sourceRef,3,Connecting Objects
ex02_writer0026.bpmn,dataObjectReference,2,Uncategorized
ex02_writer0026.bpmn,dataObject,2,Artifacts
ex02_writer0026.bpmn,process,1,Uncategorized
ex02_writer0026.bpmn,childLaneSet,1,Uncategorized
ex02_writer0026.bpmn,messageEventDefinition,1,Uncategorized
ex02_writer0026.bpmn,dataOutputAssociation,1,Uncategorized
ex02_writer0026.bpmn,laneSet,1,Swim Lanes
ex02_writer0026.bpmn,exclusiveGateway,1,Flow Objects
ex02_writer0026.bpmn,startEvent,1,Flow Objects
ex02_writer0026.bpmn,endEvent,1,Flow Objects
ex02_writer0027.bpmn,targetRef,7,Connecting Objects
ex02_writer0027.bpmn,flowNodeRef,5,Uncategorized
ex02_writer0027.bpmn,incoming,5,Connecting Objects
ex02_writer0027.bpmn,outgoing,5,Connecting Objects
ex02_writer0027.bpmn,sequenceFlow,5,Connecting Objects
ex02_writer0027.bpmn,dataInputAssociation,4,Uncategorized
ex02_writer0027.bpmn,dataObjectReference,4,Uncategorized
ex02_writer0027.bpmn,sourceRef,4,Connecting Objects
ex02_writer0027.bpmn,dataObject,4,Artifacts
ex02_writer0027.bpmn,property,3,Uncategorized
ex02_writer0027.bpmn,dataOutputAssociation,3,Uncategorized
ex02_writer0027.bpmn,task,3,Flow Objects
ex02_writer0027.bpmn,lane,2,Swim Lanes
ex02_writer0027.bpmn,process,1,Uncategorized
ex02_writer0027.bpmn,laneSet,1,Swim Lanes
ex02_writer0027.bpmn,startEvent,1,Flow Objects
ex02_writer0027.bpmn,exclusiveGateway,1,Flow Objects
ex02_writer0028.bpmn,outgoing,10,Connecting Objects
ex02_writer0028.bpmn,incoming,10,Connecting Objects
ex02_writer0028.bpmn,sequenceFlow,10,Connecting Objects
ex02_writer0028.bpmn,flowNodeRef,9,Uncategorized
ex02_writer0028.bpmn,task,4,Flow Objects
ex02_writer0028.bpmn,targetRef,4,Connecting Objects
ex02_writer0028.bpmn,dataObjectReference,3,Uncategorized
ex02_writer0028.bpmn,property,3,Uncategorized
ex02_writer0028.bpmn,dataInputAssociation,3,Uncategorized
ex02_writer0028.bpmn,lane,3,Swim Lanes
ex02_writer0028.bpmn,sourceRef,3,Connecting Objects
ex02_writer0028.bpmn,dataObject,3,Artifacts
ex02_writer0028.bpmn,parallelGateway,2,Flow Objects
ex02_writer0028.bpmn,process,1,Uncategorized
ex02_writer0028.bpmn,dataStoreReference,1,Uncategorized
ex02_writer0028.bpmn,dataOutputAssociation,1,Uncategorized
ex02_writer0028.bpmn,messageEventDefinition,1,Uncategorized
ex02_writer0028.bpmn,textAnnotation,1,Uncategorized
ex02_writer0028.bpmn,text,1,Uncategorized
ex02_writer0028.bpmn,laneSet,1,Swim Lanes
ex02_writer0028.bpmn,startEvent,1,Flow Objects
ex02_writer0028.bpmn,exclusiveGateway,1,Flow Objects
ex02_writer0028.bpmn,endEvent,1,Flow Objects
ex02_writer0028.bpmn,association,1,Flow Objects
ex02_writer0030.bpmn,targetRef,10,Connecting Objects
ex02_writer0030.bpmn,flowNodeRef,9,Uncategorized
ex02_writer0030.bpmn,outgoing,9,Connecting Objects
ex02_writer0030.bpmn,incoming,9,Connecting Objects
ex02_writer0030.bpmn,sequenceFlow,9,Connecting Objects
ex02_writer0030.bpmn,property,6,Uncategorized
ex02_writer0030.bpmn,dataInputAssociation,6,Uncategorized
ex02_writer0030.bpmn,task,6,Flow Objects
ex02_writer0030.bpmn,sourceRef,6,Connecting Objects
ex02_writer0030.bpmn,dataObjectReference,5,Uncategorized
ex02_writer0030.bpmn,dataObject,5,Artifacts
ex02_writer0030.bpmn,dataOutputAssociation,4,Uncategorized
ex02_writer0030.bpmn,lane,2,Swim Lanes
ex02_writer0030.bpmn,process,1,Uncategorized
ex02_writer0030.bpmn,messageEventDefinition,1,Uncategorized
ex02_writer0030.bpmn,laneSet,1,Swim Lanes
ex02_writer0030.bpmn,startEvent,1,Flow Objects
ex02_writer0030.bpmn,exclusiveGateway,1,Flow Objects
ex02_writer0030.bpmn,endEvent,1,Flow Objects
ex02_writer0031.bpmn,sequenceFlow,13,Connecting Objects
ex02_writer0031.bpmn,outgoing,13,Connecting Objects
ex02_writer0031.bpmn,incoming,13,Connecting Objects
ex02_writer0031.bpmn,flowNodeRef,12,Uncategorized
ex02_writer0031.bpmn,targetRef,9,Connecting Objects
ex02_writer0031.bpmn,task,7,Flow Objects
ex02_writer0031.bpmn,property,6,Uncategorized
ex02_writer0031.bpmn,dataInputAssociation,6,Uncategorized
ex02_writer0031.bpmn,sourceRef,6,Connecting Objects
ex02_writer0031.bpmn,dataObjectReference,5,Uncategorized
ex02_writer0031.bpmn,dataObject,5,Artifacts
ex02_writer0031.bpmn,dataOutputAssociation,3,Uncategorized
ex02_writer0031.bpmn,lane,2,Swim Lanes
ex02_writer0031.bpmn,parallelGateway,2,Flow Objects
ex02_writer0031.bpmn,process,1,Uncategorized
ex02_writer0031.bpmn,dataStoreReference,1,Uncategorized
ex02_writer0031.bpmn,laneSet,1,Swim Lanes
ex02_writer0031.bpmn,startEvent,1,Flow Objects
ex02_writer0031.bpmn,endEvent,1,Flow Objects
ex02_writer0031.bpmn,exclusiveGateway,1,Flow Objects
ex02_writer0033.bpmn,flowNodeRef,7,Uncategorized
ex02_writer0033.bpmn,incoming,7,Connecting Objects
ex02_writer0033.bpmn,outgoing,7,Connecting Objects
ex02_writer0033.bpmn,sequenceFlow,7,Connecting Objects
ex02_writer0033.bpmn,targetRef,5,Connecting Objects
ex02_writer0033.bpmn,task,4,Flow Objects
ex02_writer0033.bpmn,property,3,Uncategorized
ex02_writer0033.bpmn,dataInputAssociation,3,Uncategorized
ex02_writer0033.bpmn,lane,3,Swim Lanes
ex02_writer0033.bpmn,sourceRef,3,Connecting Objects
ex02_writer0033.bpmn,dataOutputAssociation,2,Uncategorized
ex02_writer0033.bpmn,dataObjectReference,2,Uncategorized
ex02_writer0033.bpmn,exclusiveGateway,2,Flow Objects
ex02_writer0033.bpmn,dataObject,2,Artifacts
ex02_writer0033.bpmn,process,1,Uncategorized
ex02_writer0033.bpmn,messageEventDefinition,1,Uncategorized
ex02_writer0033.bpmn,dataStoreReference,1,Uncategorized
ex02_writer0033.bpmn,laneSet,1,Swim Lanes
ex02_writer0033.bpmn,startEvent,1,Flow Objects
ex02_writer0034.bpmn,flowNodeRef,8,Uncategorized
ex02_writer0034.bpmn,outgoing,8,Connecting Objects
ex02_writer0034.bpmn,sequenceFlow,8,Connecting Objects
ex02_writer0034.bpmn,incoming,8,Connecting Objects
ex02_writer0034.bpmn,task,4,Flow Objects
ex02_writer0034.bpmn,lane,3,Swim Lanes
ex02_writer0034.bpmn,exclusiveGateway,2,Flow Objects
ex02_writer0034.bpmn,targetRef,2,Connecting Objects
ex02_writer0034.bpmn,process,1,Uncategorized
ex02_writer0034.bpmn,messageEventDefinition,1,Uncategorized
ex02_writer0034.bpmn,dataOutputAssociation,1,Uncategorized
ex02_writer0034.bpmn,dataObjectReference,1,Uncategorized
ex02_writer0034.bpmn,property,1,Uncategorized
ex02_writer0034.bpmn,dataInputAssociation,1,Uncategorized
ex02_writer0034.bpmn,laneSet,1,Swim Lanes
ex02_writer0034.bpmn,startEvent,1,Flow Objects
ex02_writer0034.bpmn,endEvent,1,Flow Objects
ex02_writer0034.bpmn,sourceRef,1,Connecting Objects
ex02_writer0034.bpmn,dataObject,1,Artifacts
ex02_writer0035.bpmn,flowNodeRef,20,Uncategorized
ex02_writer0035.bpmn,incoming,11,Connecting Objects
ex02_writer0035.bpmn,outgoing,11,Connecting Objects
ex02_writer0035.bpmn,sequenceFlow,11,Connecting Objects
ex02_writer0035.bpmn,targetRef,9,Connecting Objects
ex02_writer0035.bpmn,dataInputAssociation,5,Uncategorized
ex02_writer0035.bpmn,dataObjectReference,5,Uncategorized
ex02_writer0035.bpmn,sourceRef,5,Connecting Objects
ex02_writer0035.bpmn,dataObject,5,Artifacts
ex02_writer0035.bpmn,property,4,Uncategorized
ex02_writer0035.bpmn,dataOutputAssociation,4,Uncategorized
ex02_writer0035.bpmn,task,4,Flow Objects
ex02_writer0035.bpmn,lane,3,Swim Lanes
ex02_writer0035.bpmn,parallelGateway,2,Flow Objects
ex02_writer0035.bpmn,exclusiveGateway,2,Flow Objects
ex02_writer0035.bpmn,process,1,Uncategorized
ex02_writer0035.bpmn,childLaneSet,1,Uncategorized
ex02_writer0035.bpmn,dataStoreReference,1,Uncategorized
ex02_writer0035.bpmn,messageEventDefinition,1,Uncategorized
ex02_writer0035.bpmn,laneSet,1,Swim Lanes
ex02_writer0035.bpmn,endEvent,1,Flow Objects
ex02_writer0035.bpmn,startEvent,1,Flow Objects
ex02_writer0036.bpmn,targetRef,10,Connecting Objects
ex02_writer0036.bpmn,flowNodeRef,8,Uncategorized
ex02_writer0036.bpmn,incoming,8,Connecting Objects
ex02_writer0036.bpmn,outgoing,8,Connecting Objects
ex02_writer0036.bpmn,sequenceFlow,8,Connecting Objects
ex02_writer0036.bpmn,dataInputAssociation,6,Uncategorized
ex02_writer0036.bpmn,sourceRef,6,Connecting Objects
ex02_writer0036.bpmn,dataObjectReference,5,Uncategorized
ex02_writer0036.bpmn,property,5,Uncategorized
ex02_writer0036.bpmn,dataObject,5,Artifacts
ex02_writer0036.bpmn,dataOutputAssociation,4,Uncategorized
ex02_writer0036.bpmn,task,4,Flow Objects
ex02_writer0036.bpmn,lane,2,Swim Lanes
ex02_writer0036.bpmn,process,1,Uncategorized
ex02_writer0036.bpmn,messageEventDefinition,1,Uncategorized
ex02_writer0036.bpmn,laneSet,1,Swim Lanes
ex02_writer0036.bpmn,exclusiveGateway,1,Flow Objects
ex02_writer0036.bpmn,startEvent,1,Flow Objects
ex02_writer0036.bpmn,subProcess,1,Flow Objects
ex02_writer0036.bpmn,endEvent,1,Flow Objects
ex02_writer0038.bpmn,flowNodeRef,10,Uncategorized
ex02_writer0038.bpmn,sequenceFlow,10,Connecting Objects
ex02_writer0038.bpmn,incoming,10,Connecting Objects
ex02_writer0038.bpmn,outgoing,10,Connecting Objects
ex02_writer0038.bpmn,task,6,Flow Objects
ex02_writer0038.bpmn,targetRef,4,Connecting Objects
ex02_writer0038.bpmn,property,3,Uncategorized
ex02_writer0038.bpmn,dataInputAssociation,3,Uncategorized
ex02_writer0038.bpmn,sourceRef,3,Connecting Objects
ex02_writer0038.bpmn,dataObjectReference,2,Uncategorized
ex02_writer0038.bpmn,lane,2,Swim Lanes
ex02_writer0038.bpmn,exclusiveGateway,2,Flow Objects
ex02_writer0038.bpmn,dataObject,2,Artifacts
ex02_writer0038.bpmn,process,1,Uncategorized
ex02_writer0038.bpmn,dataOutputAssociation,1,Uncategorized
ex02_writer0038.bpmn,messageEventDefinition,1,Uncategorized
ex02_writer0038.bpmn,laneSet,1,Swim Lanes
ex02_writer0038.bpmn,startEvent,1,Flow Objects
ex02_writer0038.bpmn,endEvent,1,Flow Objects
ex02_writer0041.bpmn,flowNodeRef,9,Uncategorized
ex02_writer0041.bpmn,outgoing,9,Connecting Objects
ex02_writer0041.bpmn,incoming,9,Connecting Objects
ex02_writer0041.bpmn,sequenceFlow,9,Connecting Objects
ex02_writer0041.bpmn,task,5,Flow Objects
ex02_writer0041.bpmn,lane,2,Swim Lanes
ex02_writer0041.bpmn,exclusiveGateway,2,Flow Objects
ex02_writer0041.bpmn,targetRef,2,Connecting Objects
ex02_writer0041.bpmn,process,1,Uncategorized
ex02_writer0041.bpmn,dataOutputAssociation,1,Uncategorized
ex02_writer0041.bpmn,property,1,Uncategorized
ex02_writer0041.bpmn,dataInputAssociation,1,Uncategorized
ex02_writer0041.bpmn,dataObjectReference,1,Uncategorized
ex02_writer0041.bpmn,laneSet,1,Swim Lanes
ex02_writer0041.bpmn,startEvent,1,Flow Objects
ex02_writer0041.bpmn,endEvent,1,Flow Objects
ex02_writer0041.bpmn,sourceRef,1,Connecting Objects
ex02_writer0041.bpmn,dataObject,1,Artifacts
ex02_writer0042.bpmn,flowNodeRef,9,Uncategorized
ex02_writer0042.bpmn,incoming,9,Connecting Objects
ex02_writer0042.bpmn,outgoing,9,Connecting Objects
ex02_writer0042.bpmn,sequenceFlow,9,Connecting Objects
ex02_writer0042.bpmn,targetRef,9,Connecting Objects
ex02_writer0042.bpmn,task,6,Flow Objects
ex02_writer0042.bpmn,property,5,Uncategorized
ex02_writer0042.bpmn,dataInputAssociation,5,Uncategorized
ex02_writer0042.bpmn,sourceRef,5,Connecting Objects
ex02_writer0042.bpmn,dataOutputAssociation,4,Uncategorized
ex02_writer0042.bpmn,dataObjectReference,4,Uncategorized
ex02_writer0042.bpmn,dataObject,4,Artifacts
ex02_writer0042.bpmn,lane,2,Swim Lanes
ex02_writer0042.bpmn,process,1,Uncategorized
ex02_writer0042.bpmn,dataStoreReference,1,Uncategorized
ex02_writer0042.bpmn,laneSet,1,Swim Lanes
ex02_writer0042.bpmn,startEvent,1,Flow Objects
ex02_writer0042.bpmn,endEvent,1,Flow Objects
ex02_writer0042.bpmn,exclusiveGateway,1,Flow Objects
ex02_writer0043.bpmn,outgoing,13,Connecting Objects
ex02_writer0043.bpmn,incoming,13,Connecting Objects
ex02_writer0043.bpmn,sequenceFlow,13,Connecting Objects
ex02_writer0043.bpmn,flowNodeRef,9,Uncategorized
ex02_writer0043.bpmn,task,4,Flow Objects
ex02_writer0043.bpmn,dataObjectReference,3,Uncategorized
ex02_writer0043.bpmn,targetRef,3,Connecting Objects
ex02_writer0043.bpmn,dataObject,3,Artifacts
ex02_writer0043.bpmn,dataOutputAssociation,2,Uncategorized
ex02_writer0043.bpmn,lane,2,Swim Lanes
ex02_writer0043.bpmn,parallelGateway,2,Flow Objects
ex02_writer0043.bpmn,process,1,Uncategorized
ex02_writer0043.bpmn,messageEventDefinition,1,Uncategorized
ex02_writer0043.bpmn,dataStoreReference,1,Uncategorized
ex02_writer0043.bpmn,property,1,Uncategorized
ex02_writer0043.bpmn,dataInputAssociation,1,Uncategorized
ex02_writer0043.bpmn,laneSet,1,Swim Lanes
ex02_writer0043.bpmn,startEvent,1,Flow Objects
ex02_writer0043.bpmn,exclusiveGateway,1,Flow Objects
ex02_writer0043.bpmn,endEvent,1,Flow Objects
ex02_writer0043.bpmn,sourceRef,1,Connecting Objects
ex02_writer0044.bpmn,flowNodeRef,8,Uncategorized
ex02_writer0044.bpmn,incoming,7,Connecting Objects
ex02_writer0044.bpmn,outgoing,7,Connecting Objects
ex02_writer0044.bpmn,targetRef,7,Connecting Objects
ex02_writer0044.bpmn,sequenceFlow,7,Connecting Objects
ex02_writer0044.bpmn,task,5,Flow Objects
ex02_writer0044.bpmn,property,4,Uncategorized
ex02_writer0044.bpmn,dataInputAssociation,4,Uncategorized
ex02_writer0044.bpmn,sourceRef,4,Connecting Objects
ex02_writer0044.bpmn,dataOutputAssociation,3,Uncategorized
ex02_writer0044.bpmn,dataObjectReference,3,Uncategorized
ex02_writer0044.bpmn,dataObject,3,Artifacts
ex02_writer0044.bpmn,lane,2,Swim Lanes
ex02_writer0044.bpmn,process,1,Uncategorized
ex02_writer0044.bpmn,dataStoreReference,1,Uncategorized
ex02_writer0044.bpmn,laneSet,1,Swim Lanes
ex02_writer0044.bpmn,endEvent,1,Flow Objects
ex02_writer0044.bpmn,startEvent,1,Flow Objects
ex02_writer0044.bpmn,exclusiveGateway,1,Flow Objects
ex02_writer0045.bpmn,targetRef,12,Connecting Objects
ex02_writer0045.bpmn,flowNodeRef,10,Uncategorized
ex02_writer0045.bpmn,outgoing,9,Connecting Objects
ex02_writer0045.bpmn,incoming,9,Connecting Objects
ex02_writer0045.bpmn,sequenceFlow,9,Connecting Objects
ex02_writer0045.bpmn,dataObjectReference,7,Uncategorized
ex02_writer0045.bpmn,task,7,Flow Objects
ex02_writer0045.bpmn,dataObject,7,Artifacts
ex02_writer0045.bpmn,dataOutputAssociation,6,Uncategorized
ex02_writer0045.bpmn,dataInputAssociation,6,Uncategorized
ex02_writer0045.bpmn,sourceRef,6,Connecting Objects
ex02_writer0045.bpmn,property,5,Uncategorized
ex02_writer0045.bpmn,lane,2,Swim Lanes
ex02_writer0045.bpmn,process,1,Uncategorized
ex02_writer0045.bpmn,messageEventDefinition,1,Uncategorized
ex02_writer0045.bpmn,laneSet,1,Swim Lanes
ex02_writer0045.bpmn,startEvent,1,Flow Objects
ex02_writer0045.bpmn,exclusiveGateway,1,Flow Objects
ex02_writer0045.bpmn,endEvent,1,Flow Objects
ex02_writer0047.bpmn,incoming,11,Connecting Objects
ex02_writer0047.bpmn,outgoing,11,Connecting Objects
ex02_writer0047.bpmn,sequenceFlow,11,Connecting Objects
ex02_writer0047.bpmn,flowNodeRef,10,Uncategorized
ex02_writer0047.bpmn,targetRef,7,Connecting Objects
ex02_writer0047.bpmn,task,6,Flow Objects
ex02_writer0047.bpmn,property,4,Uncategorized
ex02_writer0047.bpmn,dataInputAssociation,4,Uncategorized
ex02_writer0047.bpmn,dataObjectReference,4,Uncategorized
ex02_writer0047.bpmn,sourceRef,4,Connecting Objects
ex02_writer0047.bpmn,dataObject,4,Artifacts
ex02_writer0047.bpmn,dataOutputAssociation,3,Uncategorized
ex02_writer0047.bpmn,lane,2,Swim Lanes
ex02_writer0047.bpmn,parallelGateway,2,Flow Objects
ex02_writer0047.bpmn,process,1,Uncategorized
ex02_writer0047.bpmn,laneSet,1,Swim Lanes
ex02_writer0047.bpmn,startEvent,1,Flow Objects
ex02_writer0047.bpmn,exclusiveGateway,1,Flow Objects
ex02_writer0048.bpmn,outgoing,9,Connecting Objects
ex02_writer0048.bpmn,incoming,9,Connecting Objects
ex02_writer0048.bpmn,sequenceFlow,9,Connecting Objects
ex02_writer0048.bpmn,flowNodeRef,8,Uncategorized
ex02_writer0048.bpmn,task,4,Flow Objects
ex02_writer0048.bpmn,lane,3,Swim Lanes
ex02_writer0048.bpmn,endEvent,3,Flow Objects
ex02_writer0048.bpmn,process,1,Uncategorized
ex02_writer0048.bpmn,messageEventDefinition,1,Uncategorized
ex02_writer0048.bpmn,laneSet,1,Swim Lanes
ex02_writer0048.bpmn,startEvent,1,Flow Objects
ex02_writer0048.bpmn,exclusiveGateway,1,Flow Objects
ex02_writer0050.bpmn,flowNodeRef,14,Uncategorized
ex02_writer0050.bpmn,targetRef,9,Connecting Objects
ex02_writer0050.bpmn,outgoing,7,Connecting Objects
ex02_writer0050.bpmn,incoming,7,Connecting Objects
ex02_writer0050.bpmn,sequenceFlow,7,Connecting Objects
ex02_writer0050.bpmn,dataInputAssociation,5,Uncategorized
ex02_writer0050.bpmn,sourceRef,5,Connecting Objects
ex02_writer0050.bpmn,dataObjectReference,4,Uncategorized
ex02_writer0050.bpmn,property,4,Uncategorized
ex02_writer0050.bpmn,dataOutputAssociation,4,Uncategorized
ex02_writer0050.bpmn,task,4,Flow Objects
ex02_writer0050.bpmn,dataObject,4,Artifacts
ex02_writer0050.bpmn,lane,3,Swim Lanes
ex02_writer0050.bpmn,process,1,Uncategorized
ex02_writer0050.bpmn,childLaneSet,1,Uncategorized
ex02_writer0050.bpmn,dataStoreReference,1,Uncategorized
ex02_writer0050.bpmn,laneSet,1,Swim Lanes
ex02_writer0050.bpmn,startEvent,1,Flow Objects
ex02_writer0050.bpmn,exclusiveGateway,1,Flow Objects
ex02_writer0050.bpmn,endEvent,1,Flow Objects
ex02_writer0051.bpmn,sequenceFlow,12,Connecting Objects
ex02_writer0051.bpmn,incoming,12,Connecting Objects
ex02_writer0051.bpmn,outgoing,12,Connecting Objects
ex02_writer0051.bpmn,flowNodeRef,11,Uncategorized
ex02_writer0051.bpmn,targetRef,10,Connecting Objects
ex02_writer0051.bpmn,property,6,Uncategorized
ex02_writer0051.bpmn,dataInputAssociation,6,Uncategorized
ex02_writer0051.bpmn,task,6,Flow Objects
ex02_writer0051.bpmn,sourceRef,6,Connecting Objects
ex02_writer0051.bpmn,dataObjectReference,5,Uncategorized
ex02_writer0051.bpmn,dataObject,5,Artifacts
ex02_writer0051.bpmn,dataOutputAssociation,4,Uncategorized
ex02_writer0051.bpmn,lane,2,Swim Lanes
ex02_writer0051.bpmn,parallelGateway,2,Flow Objects
ex02_writer0051.bpmn,process,1,Uncategorized
ex02_writer0051.bpmn,messageEventDefinition,1,Uncategorized
ex02_writer0051.bpmn,laneSet,1,Swim Lanes
ex02_writer0051.bpmn,exclusiveGateway,1,Flow Objects
ex02_writer0051.bpmn,endEvent,1,Flow Objects
ex02_writer0051.bpmn,startEvent,1,Flow Objects
ex02_writer0053.bpmn,flowNodeRef,7,Uncategorized
ex02_writer0053.bpmn,outgoing,7,Connecting Objects
ex02_writer0053.bpmn,incoming,7,Connecting Objects
ex02_writer0053.bpmn,sequenceFlow,7,Connecting Objects
ex02_writer0053.bpmn,task,4,Flow Objects
ex02_writer0053.bpmn,targetRef,4,Connecting Objects
ex02_writer0053.bpmn,dataOutputAssociation,2,Uncategorized
ex02_writer0053.bpmn,dataObjectReference,2,Uncategorized
ex02_writer0053.bpmn,property,2,Uncategorized
ex02_writer0053.bpmn,dataInputAssociation,2,Uncategorized
ex02_writer0053.bpmn,lane,2,Swim Lanes
ex02_writer0053.bpmn,exclusiveGateway,2,Flow Objects
ex02_writer0053.bpmn,sourceRef,2,Connecting Objects
ex02_writer0053.bpmn,dataObject,2,Artifacts
ex02_writer0053.bpmn,process,1,Uncategorized
ex02_writer0053.bpmn,messageEventDefinition,1,Uncategorized
ex02_writer0053.bpmn,laneSet,1,Swim Lanes
ex02_writer0053.bpmn,startEvent,1,Flow Objects
ex02_writer0054.bpmn,incoming,7,Connecting Objects
ex02_writer0054.bpmn,outgoing,7,Connecting Objects
ex02_writer0054.bpmn,targetRef,7,Connecting Objects
ex02_writer0054.bpmn,sequenceFlow,7,Connecting Objects
ex02_writer0054.bpmn,dataOutputAssociation,5,Uncategorized
ex02_writer0054.bpmn,task,5,Flow Objects
ex02_writer0054.bpmn,dataObjectReference,3,Uncategorized
ex02_writer0054.bpmn,dataObject,3,Artifacts
ex02_writer0054.bpmn,property,2,Uncategorized
ex02_writer0054.bpmn,dataInputAssociation,2,Uncategorized
ex02_writer0054.bpmn,sourceRef,2,Connecting Objects
ex02_writer0054.bpmn,process,1,Uncategorized
ex02_writer0054.bpmn,messageEventDefinition,1,Uncategorized
ex02_writer0054.bpmn,endEvent,1,Flow Objects
ex02_writer0054.bpmn,startEvent,1,Flow Objects
ex02_writer0054.bpmn,exclusiveGateway,1,Flow Objects
ex02_writer0056.bpmn,flowNodeRef,9,Uncategorized
ex02_writer0056.bpmn,incoming,9,Connecting Objects
ex02_writer0056.bpmn,outgoing,9,Connecting Objects
ex02_writer0056.bpmn,sequenceFlow,9,Connecting Objects
ex02_writer0056.bpmn,task,5,Flow Objects
ex02_writer0056.bpmn,lane,2,Swim Lanes
ex02_writer0056.bpmn,exclusiveGateway,2,Flow Objects
ex02_writer0056.bpmn,process,1,Uncategorized
ex02_writer0056.bpmn,messageEventDefinition,1,Uncategorized
ex02_writer0056.bpmn,laneSet,1,Swim Lanes
ex02_writer0056.bpmn,endEvent,1,Flow Objects
ex02_writer0056.bpmn,startEvent,1,Flow Objects
ex02_writer0057.bpmn,flowNodeRef,16,Uncategorized
ex02_writer0057.bpmn,outgoing,8,Connecting Objects
ex02_writer0057.bpmn,incoming,8,Connecting Objects
ex02_writer0057.bpmn,sequenceFlow,8,Connecting Objects
ex02_writer0057.bpmn,task,6,Flow Objects
ex02_writer0057.bpmn,targetRef,4,Connecting Objects
ex02_writer0057.bpmn,lane,3,Swim Lanes
ex02_writer0057.bpmn,property,2,Uncategorized
ex02_writer0057.bpmn,dataInputAssociation,2,Uncategorized
ex02_writer0057.bpmn,dataOutputAssociation,2,Uncategorized
ex02_writer0057.bpmn,dataObjectReference,2,Uncategorized
ex02_writer0057.bpmn,sourceRef,2,Connecting Objects
ex02_writer0057.bpmn,dataObject,2,Artifacts
ex02_writer0057.bpmn,process,1,Uncategorized
ex02_writer0057.bpmn,childLaneSet,1,Uncategorized
ex02_writer0057.bpmn,messageEventDefinition,1,Uncategorized
ex02_writer0057.bpmn,dataStoreReference,1,Uncategorized
ex02_writer0057.bpmn,laneSet,1,Swim Lanes
ex02_writer0057.bpmn,startEvent,1,Flow Objects
ex02_writer0057.bpmn,exclusiveGateway,1,Flow Objects
ex02_writer0058.bpmn,flowNodeRef,9,Uncategorized
ex02_writer0058.bpmn,outgoing,9,Connecting Objects
ex02_writer0058.bpmn,incoming,9,Connecting Objects
ex02_writer0058.bpmn,sequenceFlow,9,Connecting Objects
ex02_writer0058.bpmn,task,6,Flow Objects
ex02_writer0058.bpmn,targetRef,4,Connecting Objects
ex02_writer0058.bpmn,dataOutputAssociation,3,Uncategorized
ex02_writer0058.bpmn,dataObjectReference,3,Uncategorized
ex02_writer0058.bpmn,dataObject,3,Artifacts
ex02_writer0058.bpmn,lane,2,Swim Lanes
ex02_writer0058.bpmn,process,1,Uncategorized
ex02_writer0058.bpmn,messageEventDefinition,1,Uncategorized
ex02_writer0058.bpmn,property,1,Uncategorized
ex02_writer0058.bpmn,dataInputAssociation,1,Uncategorized
ex02_writer0058.bpmn,laneSet,1,Swim Lanes
ex02_writer0058.bpmn,startEvent,1,Flow Objects
ex02_writer0058.bpmn,exclusiveGateway,1,Flow Objects
ex02_writer0058.bpmn,endEvent,1,Flow Objects
ex02_writer0058.bpmn,sourceRef,1,Connecting Objects
ex02_writer0059.bpmn,targetRef,12,Connecting Objects
ex02_writer0059.bpmn,flowNodeRef,10,Uncategorized
ex02_writer0059.bpmn,dataInputAssociation,10,Uncategorized
ex02_writer0059.bpmn,incoming,10,Connecting Objects
ex02_writer0059.bpmn,outgoing,10,Connecting Objects
ex02_writer0059.bpmn,sourceRef,10,Connecting Objects
ex02_writer0059.bpmn,sequenceFlow,10,Connecting Objects
ex02_writer0059.bpmn,dataObjectReference,9,Uncategorized
ex02_writer0059.bpmn,dataObject,9,Artifacts
ex02_writer0059.bpmn,property,7,Uncategorized
ex02_writer0059.bpmn,task,7,Flow Objects
ex02_writer0059.bpmn,dataOutputAssociation,2,Uncategorized
ex02_writer0059.bpmn,lane,2,Swim Lanes
ex02_writer0059.bpmn,process,1,Uncategorized
ex02_writer0059.bpmn,dataStoreReference,1,Uncategorized
ex02_writer0059.bpmn,laneSet,1,Swim Lanes
ex02_writer0059.bpmn,exclusiveGateway,1,Flow Objects
ex02_writer0059.bpmn,endEvent,1,Flow Objects
ex02_writer0059.bpmn,startEvent,1,Flow Objects
ex02_writer0061.bpmn,flowNodeRef,9,Uncategorized
ex02_writer0061.bpmn,incoming,8,Connecting Objects
ex02_writer0061.bpmn,outgoing,8,Connecting Objects
ex02_writer0061.bpmn,sequenceFlow,8,Connecting Objects
ex02_writer0061.bpmn,task,5,Flow Objects
ex02_writer0061.bpmn,targetRef,4,Connecting Objects
ex02_writer0061.bpmn,dataOutputAssociation,3,Uncategorized
ex02_writer0061.bpmn,dataObjectReference,3,Uncategorized
ex02_writer0061.bpmn,dataObject,3,Artifacts
ex02_writer0061.bpmn,lane,2,Swim Lanes
ex02_writer0061.bpmn,endEvent,2,Flow Objects
ex02_writer0061.bpmn,process,1,Uncategorized
ex02_writer0061.bpmn,messageEventDefinition,1,Uncategorized
ex02_writer0061.bpmn,property,1,Uncategorized
ex02_writer0061.bpmn,dataInputAssociation,1,Uncategorized
ex02_writer0061.bpmn,laneSet,1,Swim Lanes
ex02_writer0061.bpmn,exclusiveGateway,1,Flow Objects
ex02_writer0061.bpmn,startEvent,1,Flow Objects
ex02_writer0061.bpmn,sourceRef,1,Connecting Objects
ex02_writer0063.bpmn,flowNodeRef,7,Uncategorized
ex02_writer0063.bpmn,incoming,7,Connecting Objects
ex02_writer0063.bpmn,outgoing,7,Connecting Objects
ex02_writer0063.bpmn,targetRef,7,Connecting Objects
ex02_writer0063.bpmn,sequenceFlow,7,Connecting Objects
ex02_writer0063.bpmn,property,4,Uncategorized
ex02_writer0063.bpmn,dataInputAssociation,4,Uncategorized
ex02_writer0063.bpmn,dataObjectReference,4,Uncategorized
ex02_writer0063.bpmn,task,4,Flow Objects
ex02_writer0063.bpmn,sourceRef,4,Connecting Objects
ex02_writer0063.bpmn,dataObject,4,Artifacts
ex02_writer0063.bpmn,dataOutputAssociation,3,Uncategorized
ex02_writer0063.bpmn,lane,2,Swim Lanes
ex02_writer0063.bpmn,process,1,Uncategorized
ex02_writer0063.bpmn,laneSet,1,Swim Lanes
ex02_writer0063.bpmn,startEvent,1,Flow Objects
ex02_writer0063.bpmn,endEvent,1,Flow Objects
ex02_writer0063.bpmn,exclusiveGateway,1,Flow Objects
ex02_writer0064.bpmn,flowNodeRef,6,Uncategorized
ex02_writer0064.bpmn,incoming,6,Connecting Objects
ex02_writer0064.bpmn,outgoing,6,Connecting Objects
ex02_writer0064.bpmn,sequenceFlow,6,Connecting Objects
ex02_writer0064.bpmn,targetRef,5,Connecting Objects
ex02_writer0064.bpmn,task,4,Flow Objects
ex02_writer0064.bpmn,dataOutputAssociation,3,Uncategorized
ex02_writer0064.bpmn,dataObjectReference,3,Uncategorized
ex02_writer0064.bpmn,lane,3,Swim Lanes
ex02_writer0064.bpmn,dataObject,3,Artifacts
ex02_writer0064.bpmn,property,2,Uncategorized
ex02_writer0064.bpmn,dataInputAssociation,2,Uncategorized
ex02_writer0064.bpmn,sourceRef,2,Connecting Objects
ex02_writer0064.bpmn,process,1,Uncategorized
ex02_writer0064.bpmn,dataStoreReference,1,Uncategorized
ex02_writer0064.bpmn,laneSet,1,Swim Lanes
ex02_writer0064.bpmn,exclusiveGateway,1,Flow Objects
ex02_writer0064.bpmn,startEvent,1,Flow Objects
ex02_writer0065.bpmn,flowNodeRef,18,Uncategorized
ex02_writer0065.bpmn,outgoing,6,Connecting Objects
ex02_writer0065.bpmn,incoming,6,Connecting Objects
ex02_writer0065.bpmn,targetRef,6,Connecting Objects
ex02_writer0065.bpmn,sequenceFlow,6,Connecting Objects
ex02_writer0065.bpmn,task,5,Flow Objects
ex02_writer0065.bpmn,lane,4,Swim Lanes
ex02_writer0065.bpmn,property,3,Uncategorized
ex02_writer0065.bpmn,dataInputAssociation,3,Uncategorized
ex02_writer0065.bpmn,dataOutputAssociation,3,Uncategorized
ex02_writer0065.bpmn,dataObjectReference,3,Uncategorized
ex02_writer0065.bpmn,sourceRef,3,Connecting Objects
ex02_writer0065.bpmn,dataObject,3,Artifacts
ex02_writer0065.bpmn,process,1,Uncategorized
ex02_writer0065.bpmn,childLaneSet,1,Uncategorized
ex02_writer0065.bpmn,laneSet,1,Swim Lanes
ex02_writer0065.bpmn,startEvent,1,Flow Objects
ex02_writer0065.bpmn,exclusiveGateway,1,Flow Objects
ex02_writer0065.bpmn,subProcess,1,Flow Objects
ex02_writer0065.bpmn,endEvent,1,Flow Objects
ex02_writer0066.bpmn,flowNodeRef,9,Uncategorized
ex02_writer0066.bpmn,incoming,9,Connecting Objects
ex02_writer0066.bpmn,outgoing,9,Connecting Objects
ex02_writer0066.bpmn,sequenceFlow,9,Connecting Objects
ex02_writer0066.bpmn,task,5,Flow Objects
ex02_writer0066.bpmn,lane,2,Swim Lanes
ex02_writer0066.bpmn,exclusiveGateway,2,Flow Objects
ex02_writer0066.bpmn,process,1,Uncategorized
ex02_writer0066.bpmn,laneSet,1,Swim Lanes
ex02_writer0066.bpmn,endEvent,1,Flow Objects
ex02_writer0066.bpmn,startEvent,1,Flow Objects
ex02_writer0067.bpmn,outgoing,15,Connecting Objects
ex02_writer0067.bpmn,incoming,15,Connecting Objects
ex02_writer0067.bpmn,sequenceFlow,15,Connecting Objects
ex02_writer0067.bpmn,flowNodeRef,14,Uncategorized
ex02_writer0067.bpmn,task,9,Flow Objects
ex02_writer0067.bpmn,targetRef,5,Connecting Objects
ex02_writer0067.bpmn,dataOutputAssociation,3,Uncategorized
ex02_writer0067.bpmn,dataObjectReference,3,Uncategorized
ex02_writer0067.bpmn,dataObject,3,Artifacts
ex02_writer0067.bpmn,property,2,Uncategorized
ex02_writer0067.bpmn,dataInputAssociation,2,Uncategorized
ex02_writer0067.bpmn,lane,2,Swim Lanes
ex02_writer0067.bpmn,parallelGateway,2,Flow Objects
ex02_writer0067.bpmn,sourceRef,2,Connecting Objects
ex02_writer0067.bpmn,process,1,Uncategorized
ex02_writer0067.bpmn,laneSet,1,Swim Lanes
ex02_writer0067.bpmn,startEvent,1,Flow Objects
ex02_writer0067.bpmn,exclusiveGateway,1,Flow Objects
ex02_writer0067.bpmn,endEvent,1,Flow Objects
ex02_writer0068.bpmn,flowNodeRef,12,Uncategorized
ex02_writer0068.bpmn,incoming,12,Connecting Objects
ex02_writer0068.bpmn,outgoing,12,Connecting Objects
ex02_writer0068.bpmn,sequenceFlow,12,Connecting Objects
ex02_writer0068.bpmn,task,7,Flow Objects
ex02_writer0068.bpmn,targetRef,7,Connecting Objects
ex02_writer0068.bpmn,property,5,Uncategorized
ex02_writer0068.bpmn,dataInputAssociation,5,Uncategorized
ex02_writer0068.bpmn,sourceRef,5,Connecting Objects
ex02_writer0068.bpmn,dataObjectReference,3,Uncategorized
ex02_writer0068.bpmn,dataObject,3,Artifacts
ex02_writer0068.bpmn,process,2,Uncategorized
ex02_writer0068.bpmn,dataOutputAssociation,2,Uncategorized
ex02_writer0068.bpmn,laneSet,2,Swim Lanes
ex02_writer0068.bpmn,lane,2,Swim Lanes
ex02_writer0068.bpmn,exclusiveGateway,2,Flow Objects
ex02_writer0068.bpmn,messageEventDefinition,1,Uncategorized
ex02_writer0068.bpmn,endEvent,1,Flow Objects
ex02_writer0068.bpmn,subProcess,1,Flow Objects
ex02_writer0068.bpmn,startEvent,1,Flow Objects
ex02_writer0070.bpmn,flowNodeRef,9,Uncategorized
ex02_writer0070.bpmn,incoming,9,Connecting Objects
ex02_writer0070.bpmn,outgoing,9,Connecting Objects
ex02_writer0070.bpmn,sequenceFlow,9,Connecting Objects
ex02_writer0070.bpmn,targetRef,7,Connecting Objects
ex02_writer0070.bpmn,task,6,Flow Objects
ex02_writer0070.bpmn,dataObjectReference,4,Uncategorized
ex02_writer0070.bpmn,property,4,Uncategorized
ex02_writer0070.bpmn,dataInputAssociation,4,Uncategorized
ex02_writer0070.bpmn,sourceRef,4,Connecting Objects
ex02_writer0070.bpmn,dataObject,4,Artifacts
ex02_writer0070.bpmn,dataOutputAssociation,3,Uncategorized
ex02_writer0070.bpmn,lane,2,Swim Lanes
ex02_writer0070.bpmn,process,1,Uncategorized
ex02_writer0070.bpmn,messageEventDefinition,1,Uncategorized
ex02_writer0070.bpmn,laneSet,1,Swim Lanes
ex02_writer0070.bpmn,endEvent,1,Flow Objects
ex02_writer0070.bpmn,startEvent,1,Flow Objects
ex02_writer0070.bpmn,exclusiveGateway,1,Flow Objects
ex02_writer0073.bpmn,incoming,12,Connecting Objects
ex02_writer0073.bpmn,outgoing,12,Connecting Objects
ex02_writer0073.bpmn,sequenceFlow,12,Connecting Objects
ex02_writer0073.bpmn,flowNodeRef,11,Uncategorized
ex02_writer0073.bpmn,targetRef,10,Connecting Objects
ex02_writer0073.bpmn,dataInputAssociation,5,Uncategorized
ex02_writer0073.bpmn,dataOutputAssociation,5,Uncategorized
ex02_writer0073.bpmn,dataObjectReference,5,Uncategorized
ex02_writer0073.bpmn,task,5,Flow Objects
ex02_writer0073.bpmn,sourceRef,5,Connecting Objects
ex02_writer0073.bpmn,dataObject,5,Artifacts
ex02_writer0073.bpmn,property,4,Uncategorized
ex02_writer0073.bpmn,lane,2,Swim Lanes
ex02_writer0073.bpmn,exclusiveGateway,2,Flow Objects
ex02_writer0073.bpmn,parallelGateway,2,Flow Objects
ex02_writer0073.bpmn,process,1,Uncategorized
ex02_writer0073.bpmn,dataStoreReference,1,Uncategorized
ex02_writer0073.bpmn,laneSet,1,Swim Lanes
ex02_writer0073.bpmn,endEvent,1,Flow Objects
ex02_writer0073.bpmn,startEvent,1,Flow Objects
ex02_writer0075.bpmn,sequenceFlow,10,Connecting Objects
ex02_writer0075.bpmn,incoming,10,Connecting Objects
ex02_writer0075.bpmn,outgoing,10,Connecting Objects
ex02_writer0075.bpmn,flowNodeRef,9,Uncategorized
ex02_writer0075.bpmn,task,4,Flow Objects
ex02_writer0075.bpmn,targetRef,4,Connecting Objects
ex02_writer0075.bpmn,dataOutputAssociation,3,Uncategorized
ex02_writer0075.bpmn,lane,3,Swim Lanes
ex02_writer0075.bpmn,dataObjectReference,2,Uncategorized
ex02_writer0075.bpmn,parallelGateway,2,Flow Objects
ex02_writer0075.bpmn,dataObject,2,Artifacts
ex02_writer0075.bpmn,process,1,Uncategorized
ex02_writer0075.bpmn,property,1,Uncategorized
ex02_writer0075.bpmn,dataInputAssociation,1,Uncategorized
ex02_writer0075.bpmn,dataStoreReference,1,Uncategorized
ex02_writer0075.bpmn,laneSet,1,Swim Lanes
ex02_writer0075.bpmn,exclusiveGateway,1,Flow Objects
ex02_writer0075.bpmn,startEvent,1,Flow Objects
ex02_writer0075.bpmn,endEvent,1,Flow Objects
ex02_writer0075.bpmn,sourceRef,1,Connecting Objects
ex02_writer0076.bpmn,flowNodeRef,9,Uncategorized
ex02_writer0076.bpmn,outgoing,9,Connecting Objects
ex02_writer0076.bpmn,incoming,9,Connecting Objects
ex02_writer0076.bpmn,sequenceFlow,9,Connecting Objects
ex02_writer0076.bpmn,task,5,Flow Objects
ex02_writer0076.bpmn,lane,2,Swim Lanes
ex02_writer0076.bpmn,exclusiveGateway,2,Flow Objects
ex02_writer0076.bpmn,process,1,Uncategorized
ex02_writer0076.bpmn,messageEventDefinition,1,Uncategorized
ex02_writer0076.bpmn,dataStoreReference,1,Uncategorized
ex02_writer0076.bpmn,dataOutputAssociation,1,Uncategorized
ex02_writer0076.bpmn,laneSet,1,Swim Lanes
ex02_writer0076.bpmn,startEvent,1,Flow Objects
ex02_writer0076.bpmn,endEvent,1,Flow Objects
ex02_writer0076.bpmn,targetRef,1,Connecting Objects
ex02_writer0077.bpmn,flowNodeRef,7,Uncategorized
ex02_writer0077.bpmn,outgoing,7,Connecting Objects
ex02_writer0077.bpmn,incoming,7,Connecting Objects
ex02_writer0077.bpmn,sequenceFlow,7,Connecting Objects
ex02_writer0077.bpmn,task,4,Flow Objects
ex02_writer0077.bpmn,targetRef,4,Connecting Objects
ex02_writer0077.bpmn,property,3,Uncategorized
ex02_writer0077.bpmn,dataInputAssociation,3,Uncategorized
ex02_writer0077.bpmn,sourceRef,3,Connecting Objects
ex02_writer0077.bpmn,dataObjectReference,2,Uncategorized
ex02_writer0077.bpmn,lane,2,Swim Lanes
ex02_writer0077.bpmn,dataObject,2,Artifacts
ex02_writer0077.bpmn,process,1,Uncategorized
ex02_writer0077.bpmn,messageEventDefinition,1,Uncategorized
ex02_writer0077.bpmn,dataOutputAssociation,1,Uncategorized
ex02_writer0077.bpmn,laneSet,1,Swim Lanes
ex02_writer0077.bpmn,startEvent,1,Flow Objects
ex02_writer0077.bpmn,endEvent,1,Flow Objects
ex02_writer0077.bpmn,exclusiveGateway,1,Flow Objects
ex02_writer0078.bpmn,sequenceFlow,10,Connecting Objects
ex02_writer0078.bpmn,incoming,10,Connecting Objects
ex02_writer0078.bpmn,outgoing,10,Connecting Objects
ex02_writer0078.bpmn,flowNodeRef,9,Uncategorized
ex02_writer0078.bpmn,task,4,Flow Objects
ex02_writer0078.bpmn,process,2,Uncategorized
ex02_writer0078.bpmn,lane,2,Swim Lanes
ex02_writer0078.bpmn,parallelGateway,2,Flow Objects
ex02_writer0078.bpmn,laneSet,1,Swim Lanes
ex02_writer0078.bpmn,startEvent,1,Flow Objects
ex02_writer0078.bpmn,exclusiveGateway,1,Flow Objects
ex02_writer0078.bpmn,endEvent,1,Flow Objects
ex02_writer0079.bpmn,flowNodeRef,9,Uncategorized
ex02_writer0079.bpmn,incoming,9,Connecting Objects
ex02_writer0079.bpmn,outgoing,9,Connecting Objects
ex02_writer0079.bpmn,sequenceFlow,9,Connecting Objects
ex02_writer0079.bpmn,task,3,Flow Objects
ex02_writer0079.bpmn,messageEventDefinition,2,Uncategorized
ex02_writer0079.bpmn,lane,2,Swim Lanes
ex02_writer0079.bpmn,intermediateThrowEvent,2,Flow Objects
ex02_writer0079.bpmn,process,1,Uncategorized
ex02_writer0079.bpmn,laneSet,1,Swim Lanes
ex02_writer0079.bpmn,exclusiveGateway,1,Flow Objects
ex02_writer0079.bpmn,startEvent,1,Flow Objects
ex02_writer0079.bpmn,intermediateCatchEvent,1,Flow Objects
ex02_writer0079.bpmn,endEvent,1,Flow Objects
ex02_writer0079.bpmn,association,1,Flow Objects
ex02_writer0080.bpmn,flowNodeRef,6,Uncategorized
ex02_writer0080.bpmn,incoming,6,Connecting Objects
ex02_writer0080.bpmn,outgoing,6,Connecting Objects
ex02_writer0080.bpmn,sequenceFlow,6,Connecting Objects
ex02_writer0080.bpmn,task,3,Flow Objects
ex02_writer0080.bpmn,process,2,Uncategorized
ex02_writer0080.bpmn,lane,2,Swim Lanes
ex02_writer0080.bpmn,targetRef,2,Connecting Objects
ex02_writer0080.bpmn,dataOutputAssociation,1,Uncategorized
ex02_writer0080.bpmn,property,1,Uncategorized
ex02_writer0080.bpmn,dataInputAssociation,1,Uncategorized
ex02_writer0080.bpmn,messageEventDefinition,1,Uncategorized
ex02_writer0080.bpmn,dataObjectReference,1,Uncategorized
ex02_writer0080.bpmn,laneSet,1,Swim Lanes
ex02_writer0080.bpmn,exclusiveGateway,1,Flow Objects
ex02_writer0080.bpmn,endEvent,1,Flow Objects
ex02_writer0080.bpmn,startEvent,1,Flow Objects
ex02_writer0080.bpmn,sourceRef,1,Connecting Objects
ex02_writer0080.bpmn,dataObject,1,Artifacts
ex02_writer0081.bpmn,sequenceFlow,14,Connecting Objects
ex02_writer0081.bpmn,incoming,14,Connecting Objects
ex02_writer0081.bpmn,outgoing,14,Connecting Objects
ex02_writer0081.bpmn,flowNodeRef,13,Uncategorized
ex02_writer0081.bpmn,targetRef,8,Connecting Objects
ex02_writer0081.bpmn,property,6,Uncategorized
ex02_writer0081.bpmn,dataInputAssociation,6,Uncategorized
ex02_writer0081.bpmn,task,6,Flow Objects
ex02_writer0081.bpmn,sourceRef,6,Connecting Objects
ex02_writer0081.bpmn,dataObjectReference,5,Uncategorized
ex02_writer0081.bpmn,dataObject,5,Artifacts
ex02_writer0081.bpmn,dataOutputAssociation,2,Uncategorized
ex02_writer0081.bpmn,lane,2,Swim Lanes
ex02_writer0081.bpmn,parallelGateway,2,Flow Objects
ex02_writer0081.bpmn,exclusiveGateway,2,Flow Objects
ex02_writer0081.bpmn,process,1,Uncategorized
ex02_writer0081.bpmn,dataStoreReference,1,Uncategorized
ex02_writer0081.bpmn,messageEventDefinition,1,Uncategorized
ex02_writer0081.bpmn,laneSet,1,Swim Lanes
ex02_writer0081.bpmn,subProcess,1,Flow Objects
ex02_writer0081.bpmn,startEvent,1,Flow Objects
ex02_writer0081.bpmn,endEvent,1,Flow Objects
ex02_writer0084.bpmn,flowNodeRef,18,Uncategorized
ex02_writer0084.bpmn,incoming,9,Connecting Objects
ex02_writer0084.bpmn,outgoing,9,Connecting Objects
ex02_writer0084.bpmn,sequenceFlow,9,Connecting Objects
ex02_writer0084.bpmn,targetRef,8,Connecting Objects
ex02_writer0084.bpmn,dataObjectReference,6,Uncategorized
ex02_writer0084.bpmn,task,6,Flow Objects
ex02_writer0084.bpmn,dataObject,6,Artifacts
ex02_writer0084.bpmn,property,5,Uncategorized
ex02_writer0084.bpmn,dataInputAssociation,5,Uncategorized
ex02_writer0084.bpmn,sourceRef,5,Connecting Objects
ex02_writer0084.bpmn,dataOutputAssociation,3,Uncategorized
ex02_writer0084.bpmn,lane,3,Swim Lanes
ex02_writer0084.bpmn,process,1,Uncategorized
ex02_writer0084.bpmn,childLaneSet,1,Uncategorized
ex02_writer0084.bpmn,messageEventDefinition,1,Uncategorized
ex02_writer0084.bpmn,laneSet,1,Swim Lanes
ex02_writer0084.bpmn,exclusiveGateway,1,Flow Objects
ex02_writer0084.bpmn,endEvent,1,Flow Objects
ex02_writer0084.bpmn,startEvent,1,Flow Objects
ex02_writer0085.bpmn,targetRef,16,Connecting Objects
ex02_writer0085.bpmn,flowNodeRef,11,Uncategorized
ex02_writer0085.bpmn,outgoing,11,Connecting Objects
ex02_writer0085.bpmn,incoming,11,Connecting Objects
ex02_writer0085.bpmn,sequenceFlow,11,Connecting Objects
ex02_writer0085.bpmn,dataInputAssociation,9,Uncategorized
ex02_writer0085.bpmn,sourceRef,9,Connecting Objects
ex02_writer0085.bpmn,dataOutputAssociation,7,Uncategorized
ex02_writer0085.bpmn,property,7,Uncategorized
ex02_writer0085.bpmn,dataObjectReference,7,Uncategorized
ex02_writer0085.bpmn,task,7,Flow Objects
ex02_writer0085.bpmn,dataObject,7,Artifacts
ex02_writer0085.bpmn,lane,2,Swim Lanes
ex02_writer0085.bpmn,exclusiveGateway,2,Flow Objects
ex02_writer0085.bpmn,process,1,Uncategorized
ex02_writer0085.bpmn,messageEventDefinition,1,Uncategorized
ex02_writer0085.bpmn,laneSet,1,Swim Lanes
ex02_writer0085.bpmn,startEvent,1,Flow Objects
ex02_writer0085.bpmn,endEvent,1,Flow Objects
ex02_writer0088.bpmn,flowNodeRef,9,Uncategorized
ex02_writer0088.bpmn,sequenceFlow,8,Connecting Objects
ex02_writer0088.bpmn,incoming,8,Connecting Objects
ex02_writer0088.bpmn,outgoing,8,Connecting Objects
ex02_writer0088.bpmn,targetRef,8,Connecting Objects
ex02_writer0088.bpmn,task,5,Flow Objects
ex02_writer0088.bpmn,property,4,Uncategorized
ex02_writer0088.bpmn,dataInputAssociation,4,Uncategorized
ex02_writer0088.bpmn,dataOutputAssociation,4,Uncategorized
ex02_writer0088.bpmn,sourceRef,4,Connecting Objects
ex02_writer0088.bpmn,dataObjectReference,3,Uncategorized
ex02_writer0088.bpmn,dataObject,3,Artifacts
ex02_writer0088.bpmn,lane,2,Swim Lanes
ex02_writer0088.bpmn,exclusiveGateway,2,Flow Objects
ex02_writer0088.bpmn,process,1,Uncategorized
ex02_writer0088.bpmn,dataStoreReference,1,Uncategorized
ex02_writer0088.bpmn,messageEventDefinition,1,Uncategorized
ex02_writer0088.bpmn,laneSet,1,Swim Lanes
ex02_writer0088.bpmn,endEvent,1,Flow Objects
ex02_writer0088.bpmn,startEvent,1,Flow Objects
ex02_writer0089.bpmn,flowNodeRef,6,Uncategorized
ex02_writer0089.bpmn,incoming,6,Connecting Objects
ex02_writer0089.bpmn,outgoing,6,Connecting Objects
ex02_writer0089.bpmn,sequenceFlow,6,Connecting Objects
ex02_writer0089.bpmn,targetRef,5,Connecting Objects
ex02_writer0089.bpmn,property,3,Uncategorized
ex02_writer0089.bpmn,dataInputAssociation,3,Uncategorized
ex02_writer0089.bpmn,dataObjectReference,3,Uncategorized
ex02_writer0089.bpmn,lane,3,Swim Lanes
ex02_writer0089.bpmn,task,3,Flow Objects
ex02_writer0089.bpmn,sourceRef,3,Connecting Objects
ex02_writer0089.bpmn,dataObject,3,Artifacts
ex02_writer0089.bpmn,dataOutputAssociation,2,Uncategorized
ex02_writer0089.bpmn,process,1,Uncategorized
ex02_writer0089.bpmn,laneSet,1,Swim Lanes
ex02_writer0089.bpmn,exclusiveGateway,1,Flow Objects
ex02_writer0089.bpmn,startEvent,1,Flow Objects
ex02_writer0089.bpmn,endEvent,1,Flow Objects
ex02_writer0093.bpmn,flowNodeRef,12,Uncategorized
ex02_writer0093.bpmn,outgoing,12,Connecting Objects
ex02_writer0093.bpmn,incoming,12,Connecting Objects
ex02_writer0093.bpmn,sequenceFlow,12,Connecting Objects
ex02_writer0093.bpmn,task,8,Flow Objects
ex02_writer0093.bpmn,lane,2,Swim Lanes
ex02_writer0093.bpmn,exclusiveGateway,2,Flow Objects
ex02_writer0093.bpmn,process,1,Uncategorized
ex02_writer0093.bpmn,messageEventDefinition,1,Uncategorized
ex02_writer0093.bpmn,dataOutputAssociation,1,Uncategorized
ex02_writer0093.bpmn,dataStoreReference,1,Uncategorized
ex02_writer0093.bpmn,laneSet,1,Swim Lanes
ex02_writer0093.bpmn,startEvent,1,Flow Objects
ex02_writer0093.bpmn,endEvent,1,Flow Objects
ex02_writer0093.bpmn,targetRef,1,Connecting Objects
ex02_writer0094.bpmn,flowNodeRef,7,Uncategorized
ex02_writer0094.bpmn,outgoing,7,Connecting Objects
ex02_writer0094.bpmn,incoming,7,Connecting Objects
ex02_writer0094.bpmn,sequenceFlow,7,Connecting Objects
ex02_writer0094.bpmn,task,4,Flow Objects
ex02_writer0094.bpmn,lane,2,Swim Lanes
ex02_writer0094.bpmn,targetRef,2,Connecting Objects
ex02_writer0094.bpmn,process,1,Uncategorized
ex02_writer0094.bpmn,messageEventDefinition,1,Uncategorized
ex02_writer0094.bpmn,dataOutputAssociation,1,Uncategorized
ex02_writer0094.bpmn,dataObjectReference,1,Uncategorized
ex02_writer0094.bpmn,property,1,Uncategorized
ex02_writer0094.bpmn,dataInputAssociation,1,Uncategorized
ex02_writer0094.bpmn,laneSet,1,Swim Lanes
ex02_writer0094.bpmn,startEvent,1,Flow Objects
ex02_writer0094.bpmn,exclusiveGateway,1,Flow Objects
ex02_writer0094.bpmn,endEvent,1,Flow Objects
ex02_writer0094.bpmn,sourceRef,1,Connecting Objects
ex02_writer0094.bpmn,dataObject,1,Artifacts
ex02_writer0096.bpmn,flowNodeRef,9,Uncategorized
ex02_writer0096.bpmn,incoming,9,Connecting Objects
ex02_writer0096.bpmn,outgoing,9,Connecting Objects
ex02_writer0096.bpmn,sequenceFlow,9,Connecting Objects
ex02_writer0096.bpmn,targetRef,8,Connecting Objects
ex02_writer0096.bpmn,task,6,Flow Objects
ex02_writer0096.bpmn,dataOutputAssociation,5,Uncategorized
ex02_writer0096.bpmn,dataObjectReference,5,Uncategorized
ex02_writer0096.bpmn,dataObject,5,Artifacts
ex02_writer0096.bpmn,property,3,Uncategorized
ex02_writer0096.bpmn,dataInputAssociation,3,Uncategorized
ex02_writer0096.bpmn,sourceRef,3,Connecting Objects
ex02_writer0096.bpmn,lane,2,Swim Lanes
ex02_writer0096.bpmn,exclusiveGateway,2,Flow Objects
ex02_writer0096.bpmn,process,1,Uncategorized
ex02_writer0096.bpmn,dataStoreReference,1,Uncategorized
ex02_writer0096.bpmn,messageEventDefinition,1,Uncategorized
ex02_writer0096.bpmn,laneSet,1,Swim Lanes
ex02_writer0096.bpmn,startEvent,1,Flow Objects
ex02_writer0097.bpmn,outgoing,12,Connecting Objects
ex02_writer0097.bpmn,sequenceFlow,12,Connecting Objects
ex02_writer0097.bpmn,incoming,12,Connecting Objects
ex02_writer0097.bpmn,targetRef,12,Connecting Objects
ex02_writer0097.bpmn,flowNodeRef,11,Uncategorized
ex02_writer0097.bpmn,dataInputAssociation,8,Uncategorized
ex02_writer0097.bpmn,dataObjectReference,8,Uncategorized
ex02_writer0097.bpmn,sourceRef,8,Connecting Objects
ex02_writer0097.bpmn,dataObject,8,Artifacts
ex02_writer0097.bpmn,property,6,Uncategorized
ex02_writer0097.bpmn,task,6,Flow Objects
ex02_writer0097.bpmn,dataOutputAssociation,4,Uncategorized
ex02_writer0097.bpmn,lane,2,Swim Lanes
ex02_writer0097.bpmn,parallelGateway,2,Flow Objects
ex02_writer0097.bpmn,process,1,Uncategorized
ex02_writer0097.bpmn,messageEventDefinition,1,Uncategorized
ex02_writer0097.bpmn,laneSet,1,Swim Lanes
ex02_writer0097.bpmn,startEvent,1,Flow Objects
ex02_writer0097.bpmn,exclusiveGateway,1,Flow Objects
ex02_writer0097.bpmn,endEvent,1,Flow Objects
ex02_writer0100.bpmn,targetRef,12,Connecting Objects
ex02_writer0100.bpmn,flowNodeRef,8,Uncategorized
ex02_writer0100.bpmn,incoming,8,Connecting Objects
ex02_writer0100.bpmn,outgoing,8,Connecting Objects
ex02_writer0100.bpmn,sequenceFlow,8,Connecting Objects
ex02_writer0100.bpmn,dataInputAssociation,7,Uncategorized
ex02_writer0100.bpmn,sourceRef,7,Connecting Objects
ex02_writer0100.bpmn,dataObjectReference,6,Uncategorized
ex02_writer0100.bpmn,dataObject,6,Artifacts
ex02_writer0100.bpmn,property,5,Uncategorized
ex02_writer0100.bpmn,dataOutputAssociation,5,Uncategorized
ex02_writer0100.bpmn,task,5,Flow Objects
ex02_writer0100.bpmn,lane,3,Swim Lanes
ex02_writer0100.bpmn,process,1,Uncategorized
ex02_writer0100.bpmn,messageEventDefinition,1,Uncategorized
ex02_writer0100.bpmn,laneSet,1,Swim Lanes
ex02_writer0100.bpmn,exclusiveGateway,1,Flow Objects
ex02_writer0100.bpmn,startEvent,1,Flow Objects
ex02_writer0100.bpmn,endEvent,1,Flow Objects
ex02_writer0102.bpmn,outgoing,12,Connecting Objects
ex02_writer0102.bpmn,incoming,12,Connecting Objects
ex02_writer0102.bpmn,sequenceFlow,12,Connecting Objects
ex02_writer0102.bpmn,flowNodeRef,11,Uncategorized
ex02_writer0102.bpmn,task,5,Flow Objects
ex02_writer0102.bpmn,targetRef,4,Connecting Objects
ex02_writer0102.bpmn,property,3,Uncategorized
ex02_writer0102.bpmn,dataInputAssociation,3,Uncategorized
ex02_writer0102.bpmn,sourceRef,3,Connecting Objects
ex02_writer0102.bpmn,dataObjectReference,2,Uncategorized
ex02_writer0102.bpmn,lane,2,Swim Lanes
ex02_writer0102.bpmn,parallelGateway,2,Flow Objects
ex02_writer0102.bpmn,dataObject,2,Artifacts
ex02_writer0102.bpmn,process,1,Uncategorized
ex02_writer0102.bpmn,dataOutputAssociation,1,Uncategorized
ex02_writer0102.bpmn,laneSet,1,Swim Lanes
ex02_writer0102.bpmn,startEvent,1,Flow Objects
ex02_writer0102.bpmn,exclusiveGateway,1,Flow Objects
ex02_writer0102.bpmn,subProcess,1,Flow Objects
ex02_writer0102.bpmn,endEvent,1,Flow Objects
ex02_writer0103.bpmn,targetRef,10,Connecting Objects
ex02_writer0103.bpmn,flowNodeRef,9,Uncategorized
ex02_writer0103.bpmn,incoming,7,Connecting Objects
ex02_writer0103.bpmn,outgoing,7,Connecting Objects
ex02_writer0103.bpmn,sequenceFlow,7,Connecting Objects
ex02_writer0103.bpmn,property,6,Uncategorized
ex02_writer0103.bpmn,dataInputAssociation,6,Uncategorized
ex02_writer0103.bpmn,task,6,Flow Objects
ex02_writer0103.bpmn,sourceRef,6,Connecting Objects
ex02_writer0103.bpmn,dataObjectReference,5,Uncategorized
ex02_writer0103.bpmn,dataObject,5,Artifacts
ex02_writer0103.bpmn,dataOutputAssociation,4,Uncategorized
ex02_writer0103.bpmn,lane,2,Swim Lanes
ex02_writer0103.bpmn,process,1,Uncategorized
ex02_writer0103.bpmn,messageEventDefinition,1,Uncategorized
ex02_writer0103.bpmn,laneSet,1,Swim Lanes
ex02_writer0103.bpmn,exclusiveGateway,1,Flow Objects
ex02_writer0103.bpmn,endEvent,1,Flow Objects
ex02_writer0103.bpmn,startEvent,1,Flow Objects
ex02_writer0104.bpmn,targetRef,13,Connecting Objects
ex02_writer0104.bpmn,incoming,12,Connecting Objects
ex02_writer0104.bpmn,outgoing,12,Connecting Objects
ex02_writer0104.bpmn,sequenceFlow,12,Connecting Objects
ex02_writer0104.bpmn,flowNodeRef,11,Uncategorized
ex02_writer0104.bpmn,dataInputAssociation,7,Uncategorized
ex02_writer0104.bpmn,sourceRef,7,Connecting Objects
ex02_writer0104.bpmn,property,6,Uncategorized
ex02_writer0104.bpmn,dataOutputAssociation,6,Uncategorized
ex02_writer0104.bpmn,task,6,Flow Objects
ex02_writer0104.bpmn,dataObjectReference,5,Uncategorized
ex02_writer0104.bpmn,dataObject,5,Artifacts
ex02_writer0104.bpmn,lane,2,Swim Lanes
ex02_writer0104.bpmn,parallelGateway,2,Flow Objects
ex02_writer0104.bpmn,process,1,Uncategorized
ex02_writer0104.bpmn,dataStoreReference,1,Uncategorized
ex02_writer0104.bpmn,messageEventDefinition,1,Uncategorized
ex02_writer0104.bpmn,laneSet,1,Swim Lanes
ex02_writer0104.bpmn,exclusiveGateway,1,Flow Objects
ex02_writer0104.bpmn,startEvent,1,Flow Objects
ex02_writer0104.bpmn,endEvent,1,Flow Objects
ex02_writer0105.bpmn,flowNodeRef,8,Uncategorized
ex02_writer0105.bpmn,incoming,8,Connecting Objects
ex02_writer0105.bpmn,outgoing,8,Connecting Objects
ex02_writer0105.bpmn,sequenceFlow,8,Connecting Objects
ex02_writer0105.bpmn,targetRef,6,Connecting Objects
ex02_writer0105.bpmn,task,4,Flow Objects
ex02_writer0105.bpmn,property,3,Uncategorized
ex02_writer0105.bpmn,dataInputAssociation,3,Uncategorized
ex02_writer0105.bpmn,dataOutputAssociation,3,Uncategorized
ex02_writer0105.bpmn,dataObjectReference,3,Uncategorized
ex02_writer0105.bpmn,sourceRef,3,Connecting Objects
ex02_writer0105.bpmn,dataObject,3,Artifacts
ex02_writer0105.bpmn,lane,2,Swim Lanes
ex02_writer0105.bpmn,exclusiveGateway,2,Flow Objects
ex02_writer0105.bpmn,process,1,Uncategorized
ex02_writer0105.bpmn,dataStoreReference,1,Uncategorized
ex02_writer0105.bpmn,messageEventDefinition,1,Uncategorized
ex02_writer0105.bpmn,laneSet,1,Swim Lanes
ex02_writer0105.bpmn,endEvent,1,Flow Objects
ex02_writer0105.bpmn,startEvent,1,Flow Objects
